track_id	title	artist	album	duration_seconds	category
1844932150	Choosin' Texas	Ella Langley	Choosin' Texas - Single	232	english_pop
6769568596	Janice STFU	Drake	ICEMAN	237	english_pop
6784327277	California Girls	Future	The Real Me	150	english_pop
6784327292	Konnichiwa	Future	The Real Me	154	english_pop
1869436845	Be Her	Ella Langley	Dandelion	217	english_pop
6769568598	Shabang	Drake	ICEMAN	189	english_pop
6763091996	I Can't Love You Anymore	Ella Langley & Morgan Wallen	I Can't Love You Anymore - Single	229	english_pop
6784327272	F**k A Interview	Future	The Real Me	158	english_pop
1889992115	stupid song	Olivia Rodrigo	you seem pretty sad for a girl so in love	210	english_pop
6784327294	Snow in Skyami	Future	The Real Me	162	english_pop
6787303156	MORNING DEW (DONK)	Beyoncé	MORNING DEW (DONK) - Single	244	english_pop
6784327274	One Two	Future	The Real Me	120	english_pop
1892189612	Spend Dat	Yung Miami	Spend Dat - Single	181	english_pop
6784327509	Radio	Future	The Real Me	160	english_pop
1802104202	20 Cigarettes	Morgan Wallen	I’m The Problem	161	english_pop
6769568597	Ran To Atlanta	Drake, Future & Molly Santana	ICEMAN	247	english_pop
6763656876	hate that i made you love me	Ariana Grande	petal	198	english_pop
1525933490	Wonderwall (Remastered)	Oasis	(What's The Story) Morning Glory? [Deluxe Remastered Edition]	259	independent
1889992123	the cure	Olivia Rodrigo	you seem pretty sad for a girl so in love	297	english_pop
6784327286	Tank Top Pluto	Future	The Real Me	111	english_pop
6784327291	Weight Up	Future	The Real Me	174	english_pop
1802103970	I'm The Problem	Morgan Wallen	I’m The Problem	178	english_pop
1137966332	Cinderella (feat. Ty Dolla $ign)	Mac Miller	The Divine Feminine	480	english_pop
6784327295	Build a Bitch	Future	The Real Me	163	english_pop
1884403093	Boston	STELLA LEFTY	Boston - Single	171	english_pop
6784327293	Trench Coat	Future	The Real Me	106	english_pop
6769568595	Whisper My Name	Drake	ICEMAN	223	english_pop
6784327512	Money Over Everything	Future	The Real Me	134	english_pop
1817609509	Man I Need	Olivia Dean	The Art of Loving	184	english_pop
6784327513	Off the Hinge	Future	The Real Me	172	english_pop
1440929293	Freestyle	Lil Baby	Too Hard	162	english_pop
1621119447	WAIT FOR U (feat. Drake & Tems)	Future	I NEVER LIKED YOU	190	english_pop
1648587330	In A Minute	Lil Baby	It's Only Me	200	english_pop
6775527443	"I Knew It, I Knew You (From ""Toy Story 5"")"	Taylor Swift	"I Knew It, I Knew You (From ""Toy Story 5"") - Single"	178	english_pop
6784327275	No Misery	Future	The Real Me	168	english_pop
1818424212	Last Night	Morgan Wallen	One Thing At A Time	164	english_pop
1744439049	I Had Some Help (feat. Morgan Wallen)	Post Malone	I Had Some Help (feat. Morgan Wallen) - Single	178	english_pop
1727612051	Spin You Around (1/24)	Morgan Wallen	Spin You Around (1/24) - Single	209	english_pop
1802103977	Just In Case	Morgan Wallen	I’m The Problem	166	english_pop
1889992113	drop dead	Olivia Rodrigo	you seem pretty sad for a girl so in love	225	english_pop
6784327514	If I Could	Future	The Real Me	191	english_pop
1452017954	Best I Ever Had	Drake	So Far Gone	258	english_pop
6776325365	Ghetto Love Story	BabyChiefDoit	Rise Against My Broken Odds	178	english_pop
1621803969	LIKE ME (feat. 42 Dugg & Lil Baby)	Future	I NEVER LIKED YOU	133	english_pop
1862634805	Be By You	Luke Combs	The Way I Am	198	english_pop
6769568603	National Treasures	Drake	ICEMAN	201	english_pop
1802103975	What I Want	Morgan Wallen & Tate McRae	I’m The Problem	185	english_pop
1770160814	weren't for the wind	Ella Langley	still hungover	194	english_pop
6769551476	I’m Spent	Drake & Loe Shimmy	HABIBTI	145	english_pop
6784327511	2018	Future	The Real Me	224	english_pop
1818426110	Cowgirls (feat. ERNEST)	Morgan Wallen	One Thing At A Time	182	english_pop
6762757958	Orbiter	Noah Kahan	The Great Divide: The Last Of The Bugs	287	independent
269573364	Billie Jean	Michael Jackson	Thriller	294	english_pop
6775960750	RUBBERZ	Fenix Flexin & Purps On The Beat	RUBBERZ - Single	174	independent
6784327526	Eye To Eye	Future	The Real Me	145	english_pop
1818425528	Thinkin’ Bout Me	Morgan Wallen	One Thing At A Time	177	english_pop
1889992116	honeybee	Olivia Rodrigo	you seem pretty sad for a girl so in love	223	english_pop
1871258330	E85	Don Toliver	OCTANE	153	english_pop
1802104400	Don't We	Morgan Wallen	I’m The Problem	191	english_pop
1556670532	Wants and Needs (feat. Lil Baby)	Drake	Scary Hours 2	193	english_pop
6784327515	Big Moment	Future	The Real Me	195	english_pop
1818469738	Wasted On You	Morgan Wallen	Dangerous: The Double Album	179	english_pop
6784327518	Kick	Future	The Real Me	135	english_pop
1506297772	March Madness	Future	56 Nights	244	english_pop
1621119426	I'M DAT N***A	Future	I NEVER LIKED YOU	272	english_pop
1621207921	Frozen	Lil Baby	Frozen - Single	179	english_pop
1872239879	Doors	Noah Kahan	The Great Divide	231	independent
1802103972	I Got Better	Morgan Wallen	I’m The Problem	205	english_pop
6769568604	B’s On The Table	Drake & 21 Savage	ICEMAN	138	english_pop
1017055092	Stick Talk	Future	DS2 (Deluxe)	171	english_pop
1584281787	Knife Talk (feat. 21 Savage & Project Pat)	Drake	Certified Lover Boy	243	english_pop
1818407111	You Proof	Morgan Wallen	You Proof - Single	157	english_pop
1666738581	Where the Wild Things Are	Luke Combs	Gettin' Old	240	english_pop
1534816484	Sum 2 Prove	Lil Baby	My Turn (Deluxe)	206	english_pop
1813021660	Broken Window Serenade	Whiskey Myers	Firewater	346	english_pop
1440642743	Marvins Room	Drake	Take Care (Deluxe Version)	347	english_pop
1738257931	Earrings	Malcolm Todd	Sweet Boy	152	independent
1530123009	Kacey Talk	YoungBoy Never Broke Again	Top	151	english_pop
1657869492	Snooze	SZA	SOS	202	english_pop
1853635937	What You Need	Tems	Love Is A Kingdom	234	english_pop
6769568610	2 Hard 4 The Radio	Drake	ICEMAN	184	english_pop
1440827492	Tennessee Whiskey	Chris Stapleton	Traveller	293	english_pop
1744776167	Not Like Us	Kendrick Lamar	Not Like Us - Single	274	english_pop
1618153473	Right On	Lil Baby	Right On - Single	214	english_pop
6769568609	Plot Twist	Drake	ICEMAN	196	english_pop
1666738585	Fast Car	Luke Combs	Gettin' Old	265	english_pop
1793663645	Ordinary	Alex Warren	Ordinary - Single	187	english_pop
1529510489	Power Trip (feat. Miguel)	J. Cole	Born Sinner (Deluxe Version)	241	english_pop
1376707066	Beautiful Crazy	Luke Combs	This One’s for You Too (Deluxe Edition)	193	english_pop
1468618077	Money In The Grave (feat. Rick Ross)	Drake	The Best In The World Pack - Single	205	english_pop
1737150439	Like That	Future, Metro Boomin & Kendrick Lamar	WE DON'T TRUST YOU	268	english_pop
1376707081	She Got the Best of Me	Luke Combs	This One’s for You Too (Deluxe Edition)	183	english_pop
1786643047	30 For 30 (with Kendrick Lamar)	SZA	SOS Deluxe: LANA	278	english_pop
1879596115	Freakin’ Out	Dexter and The Moonrocks	Freakin’ Out - Single	218	english_pop
6784327517	Cast a Spell	Future	The Real Me	208	english_pop
1869436838	Dandelion	Ella Langley	Dandelion	241	english_pop
850697800	Chicago	Michael Jackson	XSCAPE (Deluxe)	245	english_pop
1244230126	Wild Thoughts (feat. Rihanna & Bryson Tiller)	DJ Khaled	Grateful	205	english_pop
1418213269	God's Plan	Drake	Scorpion	199	english_pop
1620419734	Something in the Orange	Zach Bryan	Something in the Orange - Single	228	english_pop
269570034	Three Lions	David Baddiel, Frank Skinner & The Lightning Seeds	Three Lions - Single	224	english_pop
1820918468	Rein Me In	Sam Fender & Olivia Dean	Rein Me In - Single	339	independent
1870514330	Talk To You (feat. 54 Ultra)	ANOTR	Talk To You (feat. 54 Ultra) - Single	191	english_pop
6769070199	Movin' To The Sun	HUGEL, Imael Angel & Ultra Naté	Movin' To The Sun - Single	142	english_pop
1884097804	Free Your Mind	Prospa & Cloonee	Free Your Mind - Single	202	english_pop
6768469976	Dai Dai	Shakira & Burna Boy	Dai Dai - Single	223	english_pop
1879983789	FEVER DREAM	Alex Warren	FEVER DREAM - Single	153	english_pop
1878015314	New Religion	Bebe Rexha & Faithless	New Religion - Single	174	english_pop
1817499251	Midnight Sun	Zara Larsson	Midnight Sun	190	english_pop
1814620247	Nice To Each Other	Olivia Dean	Nice To Each Other - Single	209	english_pop
1870984036	American Girls	Harry Styles	Kiss All The Time. Disco, Occasionally.	213	english_pop
1847992612	Raindance	Dave & Tems	The Boy Who Played the Harp	220	english_pop
1867034427	iloveitiloveitiloveit	Bella Kay	iloveitiloveitiloveit - Single	183	independent
1526194192	Mr. Brightside	The Killers	Hot Fuss	223	english_pop
1838737598	WHERE IS MY HUSBAND!	RAYE	WHERE IS MY HUSBAND! - Single	197	english_pop
1753774219	Somedays	Sonny Fodera, Jazzy & D.O.D	Somedays - Single	207	english_pop
1435095906	Vindaloo	Fat Les	Vindaloo	221	english_pop
1817609507	So Easy (To Fall In Love)	Olivia Dean	The Art of Loving	169	english_pop
1894316978	Satisfy	Calvin Harris & Jazzy	Satisfy - Single	186	english_pop
1833328840	The Fate of Ophelia	Taylor Swift	The Life of a Showgirl	226	english_pop
42029705	World In Motion	New Order	The Best of New Order	271	english_pop
6772312877	On 2nite	Silva Bumpa	On 2nite - Single	159	english_pop
1828036635	12 to 12	sombr	12 to 12 - Single	243	independent
1440650961	Beauty and a Beat (feat. Nicki Minaj)	Justin Bieber	Believe (Deluxe Edition)	228	english_pop
1737085899	A Bar Song (Tipsy)	Shaboozey	Where I've Been, Isn't Where I'm Going	171	english_pop
1742275653	Stargazing	Myles Smith	Stargazing - Single	173	english_pop
1871595253	Homewrecker	sombr	Homewrecker - Single	209	english_pop
1866732800	I Just Might	Bruno Mars	The Romantic	213	english_pop
1833328845	Opalite	Taylor Swift	The Life of a Showgirl	235	english_pop
1773474483	That’s So True	Gracie Abrams	The Secret of Us (Deluxe)	166	english_pop
1525933492	Don't Look Back in Anger (Remastered)	Oasis	(What's The Story) Morning Glory? [Deluxe Remastered Edition]	290	independent
269573341	Beat It	Michael Jackson	Thriller	258	english_pop
1441133277	Hey Jude	The Beatles	The Beatles 1967-1970 (The Blue Album)	431	english_pop
1740212434	Espresso	Sabrina Carpenter	Espresso - Single	175	english_pop
202272624	Dreams	Fleetwood Mac	Greatest Hits	254	english_pop
1811333176	Blessings	Calvin Harris & Clementine Douglas	Blessings - Single	220	english_pop
1724488124	Beautiful Things	Benson Boone	Beautiful Things - Single	180	english_pop
1881610868	Let Me Be In Your Arms	Sonny Fodera & Libianca	can we do it all again?	193	english_pop
6764429256	Material Lover	SIENNA SPIRO	The Devil Wears Prada 2 (Music From The Motion Picture)	178	english_pop
1485802967	Watermelon Sugar	Harry Styles	Fine Line	174	english_pop
1820264150	Golden	HUNTR/X, EJAE, AUDREY NUNA, REI AMI & KPop Demon Hunters Cast	KPop Demon Hunters (Soundtrack from the Netflix Film)	195	english_pop
267537169	Iris	The Goo Goo Dolls	Greatest Hits, Vol. One: The Singles	290	independent
1364709436	One Kiss	Calvin Harris, Dua Lipa	One Kiss - Single	215	english_pop
6769552411	Great Expectation	SIENNA SPIRO	Visitor (Deluxe)	174	english_pop
1841769602	Die On This Hill	SIENNA SPIRO	Die On This Hill - Single	217	english_pop
287592533	Freed from Desire	Gala	Come Into My Life (10th Anniversary)	213	english_pop
1892545229	Danceteria	Madonna	CONFESSIONS II	236	english_pop
1889992117	maggots for brains	Olivia Rodrigo	you seem pretty sad for a girl so in love	240	english_pop
269573405	Human Nature	Michael Jackson	Thriller	246	english_pop
1818761158	No Broke Boys	Disco Lines & Tinashe	No Broke Boys - Single	164	english_pop
1228739609	New Rules	Dua Lipa	Dua Lipa (Deluxe)	209	english_pop
1691699849	The Door	Teddy Swims	I've Tried Everything But Therapy (Part 1)	213	english_pop
1852536738	White Keys	Dominic Fike	White Keys - Single	144	independent
1889992129	expectations	Olivia Rodrigo	you seem pretty sad for a girl so in love	222	english_pop
1443258189	Bitter Sweet Symphony	The Verve	Urban Hymns (Deluxe / Remastered 2016)	357	english_pop
1122773680	Viva La Vida	Coldplay	Viva La Vida or Death and All His Friends	241	independent
551515751	The Way You Make Me Feel (2012 Remaster)	Michael Jackson	Bad 25th Anniversary	298	english_pop
1843595808	Stateside (with Zara Larsson)	PinkPantheress	Fancy Some More?	185	english_pop
1889992118	u + me = <3	Olivia Rodrigo	you seem pretty sad for a girl so in love	248	english_pop
1819861170	House Tour	Sabrina Carpenter	Man’s Best Friend	169	english_pop
1691699836	Lose Control	Teddy Swims	I've Tried Everything But Therapy (Part 1)	211	english_pop
159294551	Smooth Criminal	Michael Jackson	The Essential Michael Jackson	259	english_pop
1632285403	Stick Season	Noah Kahan	Stick Season - Single	182	independent
1423345807	Sweet Caroline	Neil Diamond	Sweet Caroline	203	english_pop
1545270163	Into You	Ariana Grande	Dangerous Woman (Video Album)	244	english_pop
1525933850	Champagne Supernova (Remastered)	Oasis	(What's The Story) Morning Glory? [Deluxe Remastered Edition]	449	independent
651880159	The Chain	Fleetwood Mac	Rumours (Super Deluxe Edition)	270	english_pop
1889992120	my way	Olivia Rodrigo	you seem pretty sad for a girl so in love	181	english_pop
1874125269	Dracula (JENNIE Remix)	Tame Impala & JENNIE	Dracula (Remix) - Single	210	independent
1001677305	How Deep Is Your Love	Calvin Harris, Disciples	How Deep Is Your Love - Single	212	english_pop
1810796703	Just Keep Watching	Tate McRae	F1 The Album	143	english_pop
1887606227	Kingdom of Fear	Cameron Whitcomb	Deep Water - EP	161	independent
1872239886	The Great Divide	Noah Kahan	The Great Divide	318	independent
1862634798	Sleepless in a Hotel Room	Luke Combs	The Way I Am	178	english_pop
1869436848	Bottom Of Your Boots	Ella Langley	Dandelion	199	english_pop
1825994649	DAISIES	Justin Bieber	SWAG	176	english_pop
6762757738	Willing and Able	Noah Kahan	The Great Divide: The Last Of The Bugs	297	independent
1749121123	you look like you love me	Ella Langley & Riley Green	hungover	224	english_pop
1747842759	Pink Skies	Zach Bryan	Pink Skies - Single	195	english_pop
1869436847	Loving Life Again	Ella Langley	Dandelion	226	english_pop
1819829902	28	Zach Bryan	The Great American Bar Scene	233	english_pop
1440642731	Headlines	Drake	Take Care (Deluxe Version)	236	english_pop
1438243880	Babydoll	Dominic Fike	Don't Forget About Me, Demos - EP	98	independent
1619408877	The Kind of Love We Make	Luke Combs	Growin' Up	224	english_pop
1824600280	What Did I Miss?	Drake	What Did I Miss? - Single	194	english_pop
1873391195	Done For	Max McNown	Done For - Single	153	english_pop
1872239892	Porch Light	Noah Kahan	The Great Divide	263	independent
6782573111	Low Fade	Karan Aujla & MXRCI	Low Fade - Single	176	english_pop
1786481197	back to friends	sombr	back to friends - Single	199	independent
1228888134	Hurricane	Luke Combs	This One's for You	223	english_pop
1183326931	White Noise 3 Hour Long	White Noise Therapy	White Noise 3 Hour Long	10828	english_pop
6762757726	End of August	Noah Kahan	The Great Divide: The Last Of The Bugs	317	independent
574051407	Thunderstruck	AC/DC	The Razors Edge	292	english_pop
6762757729	American Cars	Noah Kahan	The Great Divide: The Last Of The Bugs	272	independent
635791802	Take It Easy	Eagles	Eagles	212	english_pop
169003415	Don't Stop Believin' (2024 Remaster)	Journey	Greatest Hits (2024 Remaster)	251	english_pop
1675173768	Pink Pony Club	Chappell Roan	Pink Pony Club - Single	258	english_pop
1440948088	Have You Ever Seen the Rain?	Creedence Clearwater Revival	Pendulum	162	english_pop
1703217516	I Remember Everything (feat. Kacey Musgraves)	Zach Bryan	Zach Bryan	227	english_pop
1877803360	Self Aware	Temper City	Self Aware - Single	181	independent
1643976264	Burn, Burn, Burn	Zach Bryan	Burn, Burn, Burn - Single	269	english_pop
1821731883	Bed on Fire	G Flip	Dream Ride	213	english_pop
1488408568	Blinding Lights	The Weeknd	Blinding Lights - Single	202	english_pop
6766750846	Hit the Wall	Gracie Abrams	Daughter from Hell	194	english_pop
1192697133	Clean White Noise - Loopable with no fade	White Noise For Babies	Best White Noise For Baby Sleep - Loopable With No Fade	130	english_pop
1889992127	less	Olivia Rodrigo	you seem pretty sad for a girl so in love	194	english_pop
1468058171	Cruel Summer	Taylor Swift	Lover	178	english_pop
1762656732	Die With A Smile	Lady Gaga & Bruno Mars	Die With A Smile - Single	252	english_pop
6766751158	Look at My Life	Gracie Abrams	Daughter from Hell	191	english_pop
1889992126	what’s wrong with me	Olivia Rodrigo & Robert Smith	you seem pretty sad for a girl so in love	225	english_pop
1818103445	Manchild	Sabrina Carpenter	Manchild - Single	214	english_pop
1889992124	begged	Olivia Rodrigo	you seem pretty sad for a girl so in love	218	english_pop
1739659142	BIRDS OF A FEATHER	Billie Eilish	HIT ME HARD AND SOFT	210	independent
6783576167	bloodstream	Alyssa Grace	spilling my guts	177	independent
448213995	The A Team	Ed Sheeran	+ (Deluxe Version)	258	english_pop
1440783625	Smells Like Teen Spirit	Nirvana	Nevermind	301	english_pop
1544324124	no tears left to cry	Ariana Grande	sweetener (Bonus Videos Edition)	206	english_pop
1892983044	Like a Prayer	Josh Fawaz	Like a Prayer - Single	131	english_pop
1797895104	Sorry I'm Here For Someone Else	Benson Boone	Sorry I'm Here For Someone Else - Single	157	english_pop
269573303	Thriller	Michael Jackson	Thriller	359	english_pop
1440899467	ocean eyes	Billie Eilish	dont smile at me	200	independent
159294478	Man In the Mirror	Michael Jackson	The Essential Michael Jackson	321	english_pop
1441539154	Someone You Loved	Lewis Capaldi	Breach - EP	182	independent
1817609514	A Couple Minutes	Olivia Dean	The Art of Loving	212	english_pop
1817609513	Baby Steps	Olivia Dean	The Art of Loving	197	english_pop
186166358	Rock with You (Single Version)	Michael Jackson	Off the Wall	220	english_pop
559334751	Bad (2012 Remaster)	Michael Jackson	Bad	247	english_pop
1889992121	purple	Olivia Rodrigo	you seem pretty sad for a girl so in love	240	english_pop
1097862231	Creep	Radiohead	Pablo Honey	239	independent
186166292	Don't Stop 'Til You Get Enough	Michael Jackson	Off the Wall	364	english_pop
6762886004	Folded	Kehlani	Kehlani	238	english_pop
651880157	Go Your Own Way	Fleetwood Mac	Rumours (Super Deluxe Edition)	224	english_pop
6776077187	ICONIC BY MISTAKE	LE SSERAFIM, ILLIT & KATSEYE	ICONIC BY MISTAKE - Single	178	english_pop
1773452221	APT.	ROSÉ & Bruno Mars	APT. - Single	170	english_pop
1228739604	IDGAF	Dua Lipa	Dua Lipa (Deluxe)	218	english_pop
1889992130	cigarette smoke	Olivia Rodrigo	you seem pretty sad for a girl so in love	341	english_pop
635770202	Hotel California	Eagles	Hotel California	391	english_pop
1440934015	Kiss It Better	Rihanna	ANTI (Deluxe)	253	english_pop
1739659144	WILDFLOWER	Billie Eilish	HIT ME HARD AND SOFT	261	independent
1524885946	The Hardest Part	Olivia Dean	The Hardest Part - Single	176	independent
6769327013	玻璃	Gareth.T	玻璃 - Single	185	chinese_pop
1134344911	爱错	王力宏	Shangri-La	239	chinese_pop
905226305	我怀念的	孙燕姿	逆光	289	chinese_pop
1579903651	特别的人	方大同	危險世界	259	chinese_pop
200473135	阴天	莫文蔚	Karen Mok Greatest Hits	243	chinese_pop
905206660	爱我还是他	陶喆	太平盛世	293	chinese_pop
298837675	开始懂了	孙燕姿	My Desired Happiness	271	chinese_pop
1443352465	爱情转移	陈奕迅	認了吧 (台灣版)	260	chinese_pop
347295290	雨爱	杨丞琳	Rainie & Love?	262	chinese_pop
1871400641	关键词	林俊杰	From M.E. To Myself	208	chinese_pop
255921025	我不难过	孙燕姿	未完成	320	chinese_pop
1097016179	会呼吸的痛	梁静茹	崇拜	273	chinese_pop
1528146380	你不知道的事	王力宏	18 Martial Arts	279	chinese_pop
542922095	十年	陈奕迅	你的陳奕迅國語精選	205	chinese_pop
220365871	爱爱爱	方大同	This Love	213	chinese_pop
1095630246	情歌	梁静茹	别再为他流泪	260	chinese_pop
949320731	Angel	YOON MIRAE, Tiger JK & Bizzy	Angel - Single	255	chinese_pop
1442913348	最佳损友	陈奕迅	Life Continues	234	chinese_pop
1788007696	可惜没如果	林俊杰	Brave New World	298	chinese_pop
280911996	遇见	孙燕姿	Your Song (2006 新歌+精選)	210	chinese_pop
1443352455	淘汰	陈奕迅	認了吧 (台灣版)	285	chinese_pop
597217626	一个人想着一个人	曾沛慈	KO One Return (Original Soundtrack)	244	chinese_pop
1443783507	孤独患者	陈奕迅	?	273	chinese_pop
1722205331	忽然之间	莫文蔚	就是莫文蔚	202	chinese_pop
1871400637	不为谁而作的歌	林俊杰	From M.E. To Myself	266	chinese_pop
1071753628	江南	林俊杰	第二天堂(江南)	268	chinese_pop
1811349432	颜色	Gareth.T	顏色 - Single	211	chinese_pop
1887671067	REDRED	CORTIS	GREENGREEN - EP	163	chinese_pop
1134353955	大城小爱	王力宏	Heroes of Earth	225	chinese_pop
1416149929	飞机场的10:30	陶喆	David Tao	281	chinese_pop
1443346107	富士山下	陈奕迅	What's Going On...?	259	chinese_pop
1450330686	thank u, next	Ariana Grande	thank u, next	207	chinese_pop
152197590	太聪明	陈绮贞	Groupies	263	chinese_pop
1053567928	多远都要在一起	邓紫棋	Heartbeat	217	chinese_pop
1692291089	勇气	梁静茹	勇氣	239	chinese_pop
1531323101	交换余生	林俊杰	No Turning Back - Single	276	chinese_pop
1421693331	小半	陈粒	小梦大半	297	chinese_pop
577983297	麦恩莉	方大同	Back to Wonderland	288	chinese_pop
1071506929	她说	林俊杰	她說	319	chinese_pop
541857036	天黑黑	孙燕姿	The Moment	236	chinese_pop
1694849138	修炼爱情	林俊杰	Stories Untold	287	chinese_pop
1875146815	RUDE!	Hearts2Hearts	RUDE! - Single	200	chinese_pop
1072339996	不将就 (电影《何以笙箫默》片尾曲)	李荣浩	An Ideal	313	chinese_pop
1864304148	失眠	Suki刘舒妤	Ladies Night	211	chinese_pop
1071752119	Always Online	林俊杰	JJ陸	222	chinese_pop
6780313808	singasong	徐明浩 & Vernon	V8	188	chinese_pop
930758244	爱请问怎么走	A-Lin	精選A-Lin - Everlasting…Best and More	266	chinese_pop
905212063	偏爱	张芸京	破天荒	213	chinese_pop
535391947	爱情讯息	郭静	下一個天亮	281	chinese_pop
1834199249	连名带姓	张惠妹	偷故事的人	334	chinese_pop
1071517710	背对背拥抱	林俊杰	100天	235	chinese_pop
6789836210	FB愛不完	床哥 & Novel Fergus	FB愛不完 - Single	176	chinese_pop
6789836010	仙女座事故	良少 & 陳健安	仙女座事故 - Single	177	chinese_pop
6789835836	旋轉木馬	米爺 & 黃淑蔓	旋轉木馬 - Single	195	chinese_pop
6772915785	男人怎可以	MC 張天賦	男人怎可以 - Single	256	chinese_pop
1816674595	用背脊唱情歌	Gareth.T	用背脊唱情歌 - Single	210	chinese_pop
1784959357	說謊者	MC 張天賦	說謊者 - Single	249	chinese_pop
6789836269	甕中之鱉	周國賢 & GE	甕中之鱉 - Single	205	chinese_pop
1804348174	懷疑人生	MC 張天賦	懷疑人生 - Single	269	chinese_pop
1718045819	緊急聯絡人	Gareth.T	緊急聯絡人 - Single	223	chinese_pop
1590828011	記憶棉	MC 張天賦	記憶棉 - Single	273	chinese_pop
6788278122	老 Best	JFFT	老 Best - Single	263	chinese_pop
1887819000	我看見今晚的月色很美,你呢?	晚安莉莉	Goodnight, Lillie.	244	chinese_pop
1635915583	老派約會之必要	MC 張天賦	老派約會之必要	224	chinese_pop
1762544235	小心碰頭	MC 張天賦	小心碰頭 - Single	258	chinese_pop
6784828299	TIPSY	MC 張天賦	TIPSY - Single	160	chinese_pop
1720142741	永久損毀	MC 張天賦 & 陳蕾	永久損毀 - Single	232	chinese_pop
542677437	歲月如歌	陳奕迅	Live for Today	208	chinese_pop
1722428083	黑玻璃	洪嘉豪	黑玻璃 - Single	219	chinese_pop
1698293749	抽	MC 張天賦	抽 - Single	243	chinese_pop
1868628419	無名氏	MC 張天賦	無名氏 - Single	227	chinese_pop
1758023472	Let go	歸綽嶢	Let go - Single	231	chinese_pop
6764329840	地盤佬	Novel Fergus	花燈	163	chinese_pop
1781053262	一百個未老先衰的方法	MC 張天賦	一百個未老先衰的方法 - Single	254	chinese_pop
1733704049	隔牆有耳	MC 張天賦	TREBLE	222	chinese_pop
1825762068	東邪	MC 張天賦	Sweet & Sour	273	chinese_pop
1861409329	你要倔強	Keung To 姜濤	COMPOSITION	234	chinese_pop
1861409324	寂寞圓舞	Keung To 姜濤	COMPOSITION	224	chinese_pop
1883973607	穿波鞋的惡魔	洪嘉豪	穿波鞋的惡魔 - Single	245	chinese_pop
1664796698	世一	MC 張天賦	世一 - Single	263	chinese_pop
6788740489	隕石與地球	鄭秀文	隕石與地球 - Single	220	chinese_pop
1569850022	反對無效	MC 張天賦	反對無效 - Single	229	chinese_pop
1386714597	任我行	陳奕迅	The Key	279	chinese_pop
1443375474	葡萄成熟時	陳奕迅	U 87	277	chinese_pop
1443289319	昨遲人	許志安	正東10X10我至愛唱片: 許志安 爛泥	266	chinese_pop
651449679	K歌之王	陳奕迅	Eason Chan (Cantonese Collection)	224	chinese_pop
6779103604	最後一個降落傘	Anson Lo 盧瀚霆	最後一個降落傘 - Single	267	chinese_pop
1754095081	誰能避開戀愛這事情	MC 張天賦 & 姚焯菲	誰能避開戀愛這事情 - Single	263	chinese_pop
667921833	明年今日	陳奕迅	2013 陳奕迅 Music Life 精選	205	chinese_pop
1721450047	擱淺	周杰倫	Common Jasmine Orange	238	chinese_pop
1704790665	與我無關	MC 張天賦	與我無關 - Single	206	chinese_pop
1490822213	沙龍	陳奕迅	H3M (Remastered 2019)	278	chinese_pop
1469522319	我們都是這樣長大的	鄭秀文	我們都是這樣長大的 - Single	283	chinese_pop
6770401926	BAD	ATEEZ	GOLDEN HOUR : Part.5 - EP	156	chinese_pop
1839368232	太陽與地球	盧廣仲	HeartBreakFast	262	chinese_pop
1843066104	168.5 (feat. Billy Choi)	MC 張天賦	168.5 (feat. Billy Choi) - Single	150	chinese_pop
1861737092	Boulder	Keung To 姜濤	Boulder - Single	248	chinese_pop
1443346107	富士山下	陳奕迅	What's Going On...?	259	chinese_pop
6788330950	悲傷的後勁	陳健安	悲傷的後勁 - Single	212	chinese_pop
1719579974	至尊寶	Novel Fergus	至尊寶 - Single	228	chinese_pop
1674509617	國際孤獨等級	Gareth.T	國際孤獨等級 - Single	194	chinese_pop
667921834	十面埋伏	陳奕迅	2013 陳奕迅 Music Life 精選	232	chinese_pop
1861409323	Better Man	Keung To 姜濤	COMPOSITION	186	chinese_pop
6768584843	月亮代表我	moon tang	月亮代表我 - Single	231	chinese_pop
905169205	命硬	側田	側田	217	chinese_pop
1887194026	It's Me	ILLIT	MAMIHLAPINATAPAI - EP	138	chinese_pop
1422674971	無條件	陳奕迅	Getting Ready	230	chinese_pop
1752082196	胭脂扣	Novel Fergus	胭脂扣 - Single	239	chinese_pop
1722741558	青春告別式	張敬軒	青春告別式 - Single	257	chinese_pop
542593703	Shall We Talk	陳奕迅	Shall We Dance? Shall We Talk!	227	chinese_pop
1744336999	戀愛腦之死	陳健安	戀愛腦之死 - Single	273	chinese_pop
6779753536	Gimme Dat Love	i-dle	We made - EP	147	chinese_pop
1650415605	到底發生過什麼事	Dear Jane	到底發生過什麼事 - Single	259	chinese_pop
1721464906	晴天	周杰倫	Yeh, Hwei-Mei	270	chinese_pop
1883630672	⁠我很小朋友	Gareth.T	THE PROTÉGÉ	178	chinese_pop
1735659500	至少做一件離譜的事	Kiri T	至少做一件離譜的事 - Single	233	chinese_pop
6763988598	CHOOM	BABYMONSTER	춤 (CHOOM) - EP	179	chinese_pop
1467214368	在錯誤的宇宙尋找愛	陳健安	在錯誤的宇宙尋找愛 - Single	278	chinese_pop
1807943857	四月物語	林家謙	四月物語 - Single	214	chinese_pop
1683279954	隱形遊樂場	張敬軒	隱形遊樂場 - Single	233	chinese_pop
201586923	終身美麗	鄭秀文	Shocking Pink	206	chinese_pop
1721454134	一路向北	周杰倫	November's Chopin	294	chinese_pop
1599489418	時候不早	MC 張天賦	時候不早 - Single	221	chinese_pop
1721450037	七里香	周杰倫	Common Jasmine Orange	297	chinese_pop
1892154309	Heavy Serenade	NMIXX	Heavy Serenade - EP	180	chinese_pop
1752430771	去北極忘記你	Gareth.T	去北極忘記你 - Single	251	chinese_pop
1874523806	娜娜	范梓謙 & 床哥	娜娜 - Single	258	chinese_pop
1618583862	小心地滑	MC 張天賦	小心地滑 - Single	239	chinese_pop
1397759819	心之科學	容祖兒	心之科學 - Single	236	chinese_pop
1820726257	到此為止	連詩雅	Movin' On - EP	262	chinese_pop
1733704322	七點半鐘的陽光	MC 張天賦	TREBLE	252	chinese_pop
557096400	離家出走	衛蘭	Do U Know...	249	chinese_pop
667921841	單車	陳奕迅	2013 陳奕迅 Music Life 精選	209	chinese_pop
1721454553	安靜	周杰倫	Fantasy	334	chinese_pop
1444107574	一步一生	許志安	My Story	210	chinese_pop
1574378625	STAY	樂洛伊小子 & Justin Bieber	STAY - Single	142	chinese_pop
1782840549	你是我的回憶殺	馮允謙	EMO	225	chinese_pop
6780772534	沒有人像我一樣 (影集《欠妳的那場婚禮》主題曲)	宇宙人	沒有人像我一樣 (影集《欠妳的那場婚禮》主題曲) - Single	247	chinese_pop
1692508528	海嶼你	馬也_Crabbit & Cole先生	海屿你 - Single	296	chinese_pop
1811528209	浪人的…	張震嶽	Surfer's Love Story - Single	245	chinese_pop
1497822969	離開我的依賴	王艷薇	離開我的依賴 - Single	234	chinese_pop
1868862384	SWIM	防彈少年團	ARIRANG	159	chinese_pop
1321295662	如果雨之後	周興哲	The Chaos After You	280	chinese_pop
1462400556	慢冷	梁靜茹	我好嗎? - 太陽如常升起	290	chinese_pop
1839368227	一夜一夜一夜	盧廣仲	HeartBreakFast	248	chinese_pop
1843518968	Good Goodbye	HWASA	Good Goodbye - Single	223	chinese_pop
1579903651	特別的人	方大同	危險世界	259	chinese_pop
1824122176	若無你我欲去佗位	黃奇斌	How Do I Go On Without You - Single	220	chinese_pop
1861431711	幸福在歌唱 (電影《陽光女子合唱團》幸福版主題曲)	A-Lin	"Happiness Is Singing (Movie ""Sunshine Women's Choir"" Theme Song) - Single"	280	chinese_pop
905226305	我懷念的	孫燕姿	逆光	289	chinese_pop
6775423606	一個人	A-Lin	Alone - Single	298	chinese_pop
1834199249	連名帶姓	張惠妹	偷故事的人	334	chinese_pop
298837675	開始懂了	孫燕姿	My Desired Happiness	271	chinese_pop
1837867201	SPEED DEMON	Justin Bieber	SWAG II	212	chinese_pop
6779521286	Lemon Tang	Hearts2Hearts	Lemon Tang - The 2nd Mini Album - EP	163	chinese_pop
1871400637	不為誰而作的歌	林俊傑	From M.E. To Myself	266	chinese_pop
1342141668	幾分之幾 (電影《花甲大人轉男孩》主題曲)	盧廣仲	You Complete Me - Single	229	chinese_pop
1616484709	摯友	A-Lin	LINK	319	chinese_pop
1776783766	不愛就不愛	艾薇	Let Love Slip Away - Single	198	chinese_pop
1717034230	唯一	鄧紫棋	T.I.M.E. - EP	254	chinese_pop
1790602218	跳樓機	LBI利比	Jumping Machine (跳楼机) - EP	202	chinese_pop
6773028284	Gg Ez	M.Sasuke	Gg Ez - Single	168	chinese_pop
1871400641	關鍵詞	林俊傑	From M.E. To Myself	208	chinese_pop
542922095	十年	陳奕迅	你的陳奕迅國語精選	205	chinese_pop
1757799717	愛你但說不出口	Karencici	Hard to say - Single	179	chinese_pop
1813490998	THIS IS FOR	TWICE	THIS IS FOR	131	chinese_pop
220365871	愛愛愛	方大同	This Love	213	chinese_pop
1788007696	可惜沒如果	林俊傑	Brave New World	298	chinese_pop
597217626	一個人想著一個人	曾沛慈	KO One Return (Original Soundtrack)	244	chinese_pop
6781607876	綿綿無絕期	黃奇斌	The Dream of Vanity Cuts Deep	252	chinese_pop
1712228426	離開的一路上	理想混蛋	Sunny-side Up	255	chinese_pop
1771105929	toxic till the end	ROSÉ	rosie	157	chinese_pop
1443352465	愛情轉移	陳奕迅	認了吧 (台灣版)	260	chinese_pop
1081309211	我不願讓你一個人	五月天	第二人生 (明日版)	266	chinese_pop
1734500896	Magnetic	ILLIT	SUPER REAL ME - EP	161	chinese_pop
1687085293	摯友	周興哲	Best Friend - Single	313	chinese_pop
1824672652	JUMP	BLACKPINK	JUMP - Single	165	chinese_pop
1448253831	怎麼了	周興哲	Freedom - EP	321	chinese_pop
1773262055	DRIP	BABYMONSTER	DRIP	181	chinese_pop
1804838435	愚人節快樂	盧廣仲	All Fool's Day - Single	258	chinese_pop
1438207200	有一種悲傷 (電影《比悲傷更悲傷的故事》主題曲)	A-Lin	"A Kind of Sorrow (The Movie Theme Song of ""More Than Blue"") - Single"	237	chinese_pop
1694849138	修煉愛情	林俊傑	Stories Untold	287	chinese_pop
808110752	淚橋	伍佰 & China Blue	淚橋	225	chinese_pop
1811349432	顏色	Gareth.T	顏色 - Single	211	chinese_pop
1722205331	忽然之間	莫文蔚	就是莫文蔚	202	chinese_pop
6774417990	SUGAR HONEY ICE TEA	BABYMONSTER	SUGAR HONEY ICE TEA - Single	178	chinese_pop
1134344911	愛錯	王力宏	Shangri-La	239	chinese_pop
1795979745	like JENNIE	JENNIE	Ruby	124	chinese_pop
1455326451	愛情怎麼了嗎	盧廣仲	Self-Complacent - Single	248	chinese_pop
280911996	遇見	孫燕姿	Your Song (2006 新歌+精選)	210	chinese_pop
1810572087	想和你看五月的晚霞	陳華	Hua’s Romance	233	chinese_pop
1575900922	愛久見人心	梁靜茹	愛久見人心	297	chinese_pop
1788007693	手心的薔薇 (feat. 鄧紫棋)	林俊傑	Brave New World	280	chinese_pop
6788211810	Brand New	Mrs. GREEN APPLE	Brand New - Single	212	japanese
1739088799	ライラック	Mrs. GREEN APPLE	Lilac - Single	288	japanese
1846753946	好きすぎて滅!	M!LK	Sukisugite METSU! - Single	212	japanese
1869537742	爆裂愛してる	M!LK	Bakuretsu Aishiteru / Sukisugite METSU! - EP	204	japanese
1837658529	IRIS OUT	米津玄師	IRIS OUT - Single	152	japanese
6774039202	烏 - Raven	米津玄師	Karasu - Raven - Single	248	japanese
604748203	夜の踊り子	サカナクション	Sakanaction	303	japanese
1451570480	花束	back number	Super Star	286	japanese
1451567963	高嶺の花子さん	back number	Love Story	295	japanese
6785367852	夜鷹 - Yodaka	米津玄師	Yodaka - Single	198	japanese
1821849522	Blue Jeans	HANA	Blue Jeans - Single	207	japanese
1648865575	Soranji	Mrs. GREEN APPLE	Soranji - Single	344	japanese
1867354081	lulu.	Mrs. GREEN APPLE	lulu. - Single	271	japanese
1879525016	Five	嵐	Five - Single	268	japanese
1451567751	ハッピーエンド	back number	Happy End - EP	314	japanese
6762737233	アイドルパワー	M!LK	IDOLPOWER - Single	230	japanese
1456063581	HAPPY BIRTHDAY	back number	Magic	258	japanese
1681600508	ケセラセラ	Mrs. GREEN APPLE	Que Sera Sera - Single	273	japanese
1794066813	とくべチュ、して	=LOVE	Tokubechu Shite - Single	239	japanese
1790599512	ダーリン	Mrs. GREEN APPLE	Darling - EP	281	japanese
1446781787	マリーゴールド	あいみょん	Momentary Sixth Sense	307	japanese
1803063210	ROSE	HANA	ROSE - Single	165	japanese
6785411720	グッタイム	Snow Man	Good Time - Single	201	japanese
1860538548	AIZO	King Gnu	AIZO - Single	216	japanese
1795905600	怪獣	サカナクション	Kaiju - Single	253	japanese
1808852932	ブルーアンバー	back number	Blue Amber - Single	208	japanese
1445145789	僕のこと	Mrs. GREEN APPLE	Bokuno Koto - EP	322	japanese
6777027010	Missing	BE:FIRST	Missing - Single	172	japanese
1579439168	水平線	back number	Suiheisen - Single	285	japanese
1892738152	BPM (feat. KREVA)	Kvi Baba	Bpm (feat. KREVA) - Single	174	japanese
947748526	いとしのエリー	サザンオールスターズ	10 Numbers Carat	265	japanese
1451566361	ヒロイン	back number	Heroine - EP	270	japanese
1691229801	Magic	Mrs. GREEN APPLE	Antenna	263	japanese
1468137287	Never Grow Up	ちゃんみな	Never Grow Up	196	japanese
1468137516	SAD SONG	ちゃんみな	Never Grow Up	217	japanese
6785734870	マイオンリー	SixTONES	My Only - Single	227	japanese
1451567084	わたがし	back number	Watagashi - EP	262	japanese
1627629624	ブルーアンビエンス (feat. asmi)	Mrs. GREEN APPLE	Unity - EP	251	japanese
1623304209	ダンスホール	Mrs. GREEN APPLE	Dance Hall - Single	203	japanese
1585848051	ハレンチ	ちゃんみな	Harenchi	199	japanese
1485857408	Love so sweet	嵐	Love so Sweet - Single	290	japanese
1459216694	Pretender	Official髭男dism	Pretender - Single	326	japanese
1831676531	カリスマックス	Snow Man	CHARISMAX - Single	177	japanese
1440745441	StaRt	Mrs. GREEN APPLE	Variety - EP	211	japanese
1440763351	Automatic (Remastered 2014)	宇多田ヒカル	First Love (Remastered 2014)	328	japanese
1821087731	革命道中 - On The Way	アイナ・ジ・エンド	On The Way - Single	198	japanese
1538265741	Lemon	米津玄師	STRAY SHEEP	256	japanese
1884257489	Bad Girl	HANA	Bad Girl - Single	214	japanese
1874221480	劇薬中毒	=LOVE	GekiyakuChudoku - Single	277	japanese
1886067575	お姫様の作り方	=LOVE	GekiyakuChudoku - EP	233	japanese
1891943326	風と町	Mrs. GREEN APPLE	Wind and Town - Single	219	japanese
949250892	TSUNAMI	サザンオールスターズ	Tsunami - Single	316	japanese
1804230388	クスシキ	Mrs. GREEN APPLE	KUSUSHIKI - Single	188	japanese
1840081736	JANE DOE	米津玄師 & 宇多田ヒカル	JANE DOE - Single	236	japanese
1438144188	今夜このまま	あいみょん	Let the Night - EP	238	japanese
1820264150	Golden	HUNTR/X, EJAE, オードリー・ヌナ, REI AMI & KPop Demon Hunters Cast	KPop Demon Hunters (Soundtrack from the Netflix Film)	195	japanese
949248404	真夏の果実	サザンオールスターズ	Inamura Jane	299	japanese
1648108988	Subtitle	Official髭男dism	Subtitle - Single	306	japanese
1648411352	アイラブユー	back number	I Love You - Single	236	japanese
1807959956	夢中	BE:FIRST	Muchu - Single	190	japanese
1471459432	インフェルノ	Mrs. GREEN APPLE	Inferno - Single	213	japanese
269573364	ビリー・ジーン	マイケル・ジャクソン	Thriller	294	japanese
1490256995	夜に駆ける	YOASOBI	夜に駆ける - Single	261	japanese
1485847849	Happiness	嵐	Happiness - Single	258	japanese
1273709797	君はロックを聴かない	あいみょん	Excitement of Youth	246	japanese
1485847813	One Love	嵐	One Love - Single	285	japanese
1838917139	Wherever you are	ONE OK ROCK	Niche Syndrome	296	japanese
1735702871	君が眩しいから僕は星が見えない	SIX LOUNGE	All Right - EP	236	japanese
1808822211	Tiger	HANA	ROSE - Single	190	japanese
1083422439	波乗りジョニー	桑田佳祐	Naminori Johnny - Single	268	japanese
1860453512	どうしてもどうしても	back number	Want Want Want - Single	227	japanese
1528119630	群青	YOASOBI	Gunjou - Single	248	japanese
1534620183	ドライフラワー	優里	Dried Flower - Single	286	japanese
1854334753	NON STOP	HANA	NON STOP - Single	174	japanese
1566811795	怪盗	back number	Phantom thief - Single	196	japanese
6784598729	How Many Girls (feat. 変態紳士クラブ)	Kvi Baba	How Many Girls (feat. HENTAI SHINSHI CLUB) - Single	249	japanese
1835368696	ラブソングに襲われる	=LOVE	LOVE Song ni Osowareru - Single	218	japanese
1479397583	イエスタデイ	Official髭男dism	Traveler	299	japanese
1564752145	きらり	藤井 風	Kirari - Single	232	japanese
1733130377	満ちてゆく	藤井 風	Michi Teyu Ku (Overflowing) - Single	311	japanese
6776482882	777 (feat. Awich, CHICO CARLITO, ONE OK ROCK & Paledusk)	YAO	777 (feat. Awich, CHICO CARLITO, ONE OK ROCK & Paledusk) - Single	186	japanese
1890060756	飛ぶ時	Vaundy	fly away / way out - Single	253	japanese
1794499543	イイじゃん	M!LK	E Jan - Single	198	japanese
1440763358	First Love (Remastered 2014)	宇多田ヒカル	First Love (Remastered 2014)	258	japanese
1751409888	絶対アイドル辞めないで	=LOVE	Zettai idol yamenaide - Single	232	japanese
1639449127	ベルベットの詩	back number	Velvet - Single	254	japanese
1039793121	新宝島	サカナクション	Shin Takara Jima - EP	306	japanese
1867687787	Cold Night	HANA	Cold Night - Single	193	japanese
1816111098	Burning Flower	HANA	Burning Flower - Single	178	japanese
1109978628	花火	aiko	Sakura no Ki no Shita	279	japanese
1887671067	REDRED	코르티스	GREENGREEN - EP	163	korean
1764485170	LOVE ATTACK	리센느	SCENEDROME - EP	182	korean
6786111946	Pretty Girl	리센느	Pretty Girl - Single	210	korean
1887194026	It's Me	아일릿	MAMIHLAPINATAPAI - EP	138	korean
1822439986	Deja Vu	리센느	Dearest - Single	184	korean
6770401926	BAD	에이티즈	GOLDEN HOUR : Part.5 - EP	156	korean
1887671068	ACAI	코르티스	GREENGREEN - EP	174	korean
6783734896	만찬가	태연	J-POP REMAKE Vol.1 - Single	219	korean
6769328214	갑자기	아이오아이	I.O.I 3rd MINI ALBUM (I.O.I : LOOP) - EP	195	korean
1887671072	YOUNGCREATORCREW	코르티스	GREENGREEN - EP	177	korean
1703196825	사랑하게 될 거야	한로로	Take-off - EP	165	korean
1828393595	0+0	한로로	JAMONG SALGU CLUB	192	korean
1889474652	Runaway	리센느	Runaway - Single	182	korean
1886030615	KISS KISS KISS (Prod. by Hukky Shibaseki) [feat. SUNWOO]	나우아임영 & Royal 44	Show Me The Money 12 Episode 2	219	korean
1613687889	입춘	한로로	Let Me Love My Youth - Single	248	korean
1832031345	FaSHioN	코르티스	COLOR OUTSIDE THE LINES - EP	175	korean
1744448416	How Sweet	뉴진스	How Sweet - EP	219	korean
1764485172	Pinball	리센느	SCENEDROME - EP	193	korean
1569920439	And July (feat. DEAN & dj friz)	헤이즈	And July - EP	226	korean
1242155573	한시 오분 (1:05)	검정치마	TEAM BABY	240	korean
1887671066	TNT	코르티스	GREENGREEN - EP	123	korean
6786677970	너와 나	한로로	You and I - Single	218	korean
1841828520	FOCUS	Hearts2Hearts	FOCUS - The 1st Mini Album - EP	177	korean
1459216694	Pretender	OFFICIAL HIGE DANDISM	Pretender - Single	326	korean
1635469694	Attention	뉴진스	NewJeans 1st EP 'New Jeans'	180	korean
1734500896	Magnetic	아일릿	SUPER REAL ME - EP	161	korean
1635469851	Hype Boy	뉴진스	NewJeans 1st EP 'New Jeans'	179	korean
1832031336	GO!	코르티스	COLOR OUTSIDE THE LINES - EP	171	korean
1819694546	STYLE	Hearts2Hearts	STYLE - Single	210	korean
1453379466	Rose (feat. Skinny Brown & Homeboy)	양홍원	Stranger	267	korean
1733432325	영원은 그렇듯	리도어	Forever Has Always Been - Single	237	korean
1242155576	EVERYTHING	검정치마	TEAM BABY	293	korean
1832031349	JoyRide	코르티스	COLOR OUTSIDE THE LINES - EP	158	korean
1683448656	Drowning	WOODZ	OO-LI	245	korean
1610108181	Love Love Love (feat. 융진)	에픽하이	Remapping the Human Soul	231	korean
1817427565	빌려온 고양이 (Do the Dance)	아일릿	bomb - EP	189	korean
1692738275	It's You (feat. NO:EL)	한요한	Shining Star	248	korean
1857831147	아크라포빅	하모	Akrapovic - Single	136	korean
1316404636	Antifreeze	검정치마	201 (Special Edition)	244	korean
1887773335	소문의 낙원	악뮤	FLOWERING	218	korean
1832509922	What You Want	코르티스	What You Want - Single	194	korean
1717383449	생각을 멈추다 보면	최유리	When I stop thinking - EP	196	korean
1705678978	晩餐歌 - Bansanka	tuki.	Bansanka - Single	216	korean
1747314948	Antifreeze	백예린	Love, Yerin - EP	246	korean
1796402200	The Chase	Hearts2Hearts	The Chase - Single	179	korean
1744448549	Bubble Gum	뉴진스	How Sweet - EP	200	korean
1644821665	Ling Ling	검정치마	TEEN TROUBLES	230	korean
1894802726	BOOMPALA	르세라핌	'PUREFLOW', Pt. 1	177	korean
1882581639	캐치 캐치	최예나	LOVE CATCHER - EP	180	korean
1806264606	yours	데이먼스 이어	yours - Single	165	korean
6766256692	VIRAL	보이넥스트도어	HOME	199	korean
1661608702	그대 작은 나의 세상이 되어	카더가든	Absence - EP	206	korean
1642889031	U	권오선	OFOSUN - EP	226	korean
1567326688	Next Level	aespa	Next Level - Single	222	korean
1608880079	Trip (feat. Hannah)	릴러말즈	VIOLINIST	234	korean
1802528268	LOV3 (feat. Bryan Chase & Okasian)	식케이 & 릴 모쉬핏	K-FLIP+	236	korean
1480802550	어떻게 이별까지 사랑하겠어, 널 사랑하는 거지	악뮤	SAILING	290	korean
1573192803	사계	양홍원	3 Steps Forward, 2 Steps Back	194	korean
345400888	사랑은 봄비처럼...이별은 겨울비처럼	임현정	A Year Out...In the Island	281	korean
1648915222	기억을 걷는 시간	넬	Separation Anxiety	313	korean
6776077187	ICONIC BY MISTAKE	르세라핌, 아일릿 & KATSEYE	ICONIC BY MISTAKE - Single	178	korean
1879473479	Busy Boy	리센느	[RESCENE X ???] - Single	150	korean
1780254692	Skrr (feat. 지젤)	김하온	Skrr (feat. GISELLE) - Single	219	korean
1770274550	사랑으로	wave to earth	0.1 flaws and all.	308	korean
1734501146	Lucky Girl Syndrome	아일릿	SUPER REAL ME - EP	140	korean
1702792482	그대만 있다면 (영화 '여름날 우리')	Nerd Connection	If I have you only (My love) - Single	251	korean
1659513445	OMG	뉴진스	NewJeans 'OMG' - Single	212	korean
1569744573	시차 (feat. 로꼬 & 그레이)	우원재	We Are (feat. Loco & GRAY) - Single	196	korean
6786626162	약속해	SYSTEM SEOUL, kira, sn7, ycs & hawks	SS-POP 3	207	korean
1738889871	좋은 밤 좋은 꿈	Nerd Connection	‎Good Night Good Dream - Single	266	korean
1622167332	Vancouver	BIG Naughty	Lovey Dovey - Single	216	korean
1543850904	거리에서	성시경	The Ballads	279	korean
1456103133	주저하는 연인들을 위해	잔나비	Legend	265	korean
1635469854	Cookie	뉴진스	NewJeans 1st EP 'New Jeans'	236	korean
6773636907	~할때만 (feat. JUNNY)	드레스 & Raf Sandou	MOHO - EP	153	korean
1562973799	봄 내음보다 너를	김나영	A Letter for You - Single	217	korean
1582765830	가까운 듯 먼 그대여	카더가든	Closely Far Away - Single	195	korean
1868862384	SWIM	BTS	ARIRANG	159	spotify_hot
1790602218	Jumping Machine (跳楼机)	LBI	Jumping Machine (跳楼机) - EP	202	spotify_hot
1692508528	海屿你	馬也_Crabbit & Cole先生	海屿你 - Single	296	spotify_hot
1815583986	看着我的眼睛说	Zhang Yuan	看着我的眼睛说 - Single	261	spotify_hot
1866732797	Risk It All	Bruno Mars	The Romantic	204	spotify_hot
1766456183	嘉宾	Zhang Yuan	嘉宾 - Single	334	spotify_hot
1721456393	Love Confession	Jay Chou	Jay Chou's Bedtime Stories	216	spotify_hot
1796520821	像晴天像雨天(电视剧《难哄》心动曲)	Silence Wang	电视剧《难哄》影视原声带·只喜欢你Love Moments	237	spotify_hot
1868862376	Body to Body	BTS	ARIRANG	190	spotify_hot
1450330685	7 rings	Ariana Grande	thank u, next	179	spotify_hot
1511562950	Stuck with U	Ariana Grande & Justin Bieber	Stuck with U - Single	228	spotify_hot
1868862377	Hooligan	BTS	ARIRANG	182	spotify_hot
1721450037	Qi-Li-Xiang	Jay Chou	Common Jasmine Orange	297	spotify_hot
1884874215	A Heartbeat's Turn	Zhang Zi Ning & Rex	A Heartbeat's Turn	190	spotify_hot
1868862380	2.0	BTS	ARIRANG	170	spotify_hot
1721464906	Sunny Day	Jay Chou	Yeh, Hwei-Mei	270	spotify_hot
1440852679	One Last Time	Ariana Grande	My Everything (Bonus Tracks Edition)	197	spotify_hot
1868862387	NORMAL	BTS	ARIRANG	182	spotify_hot
1207120448	Something Just Like This	The Chainsmokers & Coldplay	Memories...Do Not Open	247	spotify_hot
1321295662	The Chaos After You	Eric Chou	The Chaos After You	280	spotify_hot
1721456390	Shouldn't Be (feat. a-mei)	Jay Chou	Jay Chou's Bedtime Stories	291	spotify_hot
1725878242	we can't be friends (wait for your love)	Ariana Grande	eternal sunshine	229	spotify_hot
1825994651	YUKON	Justin Bieber	SWAG	164	spotify_hot
1122782283	Yellow	Coldplay	Parachutes	269	independent
1112093259	"How Have You Been? (Ending Theme Song of TVBS Series ""Life List"")"	Eric Chou	"How Have You Been? (Ending Theme Song of TVBS Series ""Life List"") - Single"	287	spotify_hot
1874801993	Careful with Fate (Theme Song from the TV Series ''Pursuit of Jade'')	JJ Lin	Careful with Fate (Theme Song from the TV Series ''Pursuit of Jade'') - Single	282	spotify_hot
1788007696	If Only	JJ Lin	Brave New World	298	spotify_hot
1574378625	STAY	The Kid LAROI & Justin Bieber	STAY - Single	142	spotify_hot
1721454553	Silence	Jay Chou	Fantasy	334	spotify_hot
1721456567	The Longest Movie	Jay Chou	Jay Chou On The Run	236	spotify_hot
1497822969	離開我的依賴	Evangeline	離開我的依賴 - Single	234	spotify_hot
635016640	Sweater Weather	The Neighbourhood	I Love You.	240	independent
1468058173	Lover	Taylor Swift	Lover	221	spotify_hot
1440862803	Counting Stars	OneRepublic	Native	257	spotify_hot
1850019038	About You	The 1975	Being Funny In A Foreign Language	326	independent
1721458367	Rhythm of the Rain	Jay Chou	Aiyo, Not Bad	279	spotify_hot
1538003843	Levitating	Dua Lipa	Future Nostalgia	204	spotify_hot
6784585105	Teh Hijau	Tulus	Teh Hijau - Single	213	spotify_hot
6781391180	MMG (My Mine Gueh)	Naykilla	MMG (My Mine Gueh) - Single	193	spotify_hot
1875871278	Iqro'	Raim Laode	Iqro' - Single	234	spotify_hot
1737267776	Ada titik-titik di ujung doa	Sal Priadi	MARKERS AND SUCH PENS FLASHDISKS	305	spotify_hot
1844582644	Bahagia Lagi	Piche Kota	Bahagia Lagi - Single	227	spotify_hot
1790613396	bergema sampai selamanya	Nadhif Basalamah	bergema sampai selamanya - Single	199	independent
1857742762	Jangan Paksa Rindu (Beda)	Ifan Seventeen	Jangan Paksa Rindu (Beda) - Single	245	spotify_hot
1756631382	Kita Lewati Berdua	Overnight	Kita Lewati Berdua - Single	240	independent
573962555	When I Was Your Man	Bruno Mars	Unorthodox Jukebox	214	spotify_hot
1545051686	drivers license	Olivia Rodrigo	drivers license - Single	242	spotify_hot
1537477069	positions	Ariana Grande	Positions	172	spotify_hot
1496639586	Intentions (feat. Quavo)	Justin Bieber	Changes	213	spotify_hot
1620154633	Mangu (feat. Charita Utami)	Fourtwnty	Mangu (feat. Charita Utami) - Single	262	independent
573962551	Locked Out of Heaven	Bruno Mars	Unorthodox Jukebox	233	spotify_hot
1852008318	Masa ini, Nanti, dan Masa Indah Lainnya	Nuca	EUNOIA	276	spotify_hot
303171282	Shape of My Heart	Backstreet Boys	Black & Blue	230	spotify_hot
6779549306	Gila Bayang	Ammar Haikal	Gila Bayang - Single	198	spotify_hot
1788364364	Ingat	ALYPH	The Storm	215	spotify_hot
1844464069	bittersweet	Madison Beer	bittersweet - Single	203	spotify_hot
1560735548	deja vu	Olivia Rodrigo	SOUR	216	spotify_hot
1839352411	Who Knows	Daniel Caesar	Son Of Spergy	226	spotify_hot
1832516372	kota ini tak sama tanpamu (with Aziz Harun & Aisha Retno)	Nadhif Basalamah, Aziz Harun & Aisha Retno	kota ini tak sama tanpamu (with Aziz Harun & Aisha Retno) - Single	270	spotify_hot
1877082550	Sayang Orang Sama	Adira Suhaimi	Sayang Orang Sama - Single	202	spotify_hot
1881750229	rollerblade	no na	rollerblade - Single	114	spotify_hot
1737267355	Foto kita blur	Sal Priadi	MARKERS AND SUCH PENS FLASHDISKS	271	spotify_hot
1768635695	Dancing In The Flames	The Weeknd	Dancing In The Flames - EP	220	spotify_hot
1440892713	Treat You Better	Shawn Mendes	Illuminate (Deluxe)	188	spotify_hot
1441941205	Pulang	Insomniacks	Pulang - Single	287	spotify_hot
576670464	Talking to the Moon	Bruno Mars	Doo-Wops & Hooligans (Deluxe)	218	spotify_hot
1820142190	kota ini tak sama tanpamu	Nadhif Basalamah	Nadhif (laman berikutnya)	280	spotify_hot
1693108606	penjaga hati	Nadhif Basalamah	penjaga hati - Single	260	spotify_hot
1884895750	Berapa Kali Kita Akan Saling Memaafkan	Pamungkas	Berapa Kali Kita Akan Saling Memaafkan - Single	284	spotify_hot
1537476593	34+35	Ariana Grande	Positions	174	spotify_hot
1564531202	Happier Than Ever	Billie Eilish	Happier Than Ever	299	independent
1474647486	boyfriend	Ariana Grande & Social House	boyfriend - Single	186	spotify_hot
6762495387	Dunia Yang Nanti	Raim Laode	iqro'	202	spotify_hot
1440920614	Enchanted	Taylor Swift	Speak Now	352	spotify_hot
1546390051	Good Days	SZA	Good Days - Single	279	spotify_hot
1657869532	Nobody Gets Me	SZA	SOS	181	spotify_hot
1499378615	After Hours	The Weeknd	After Hours	361	spotify_hot
1784652744	Garam & Madu (Sakit Dadaku)	Tenxi, Jemsii & Naykilla	Garam & Madu (Sakit Dadaku) - Single	184	spotify_hot
1575730129	Pesan Terakhir	Lyodra	Lyodra	261	spotify_hot
1749128335	jatuh cinta lagi	Nadhif Basalamah	Nadhif	249	spotify_hot
1544330887	Zikir Tidurkan Bayi  Zikir Tenangkan Bayi	CahayaKeikhlasan	Zikir Tidurkan Bayi  Zikir Tenangkan Bayi	3643	independent
6764229100	เมื่อไหร่จะมี (มีใจให้กัน)	BLVCKHEART	เมื่อไหร่จะมี (มีใจให้กัน) - Single	215	spotify_hot
6784132784	นาฬิกาทราย (sign)	BOWKYLION	นาฬิกาทราย (sign) - Single	255	spotify_hot
6776809226	ขี้แง (Boys Don't Cry)	PROXIE	ขี้แง (Boys Don't Cry) - Single	255	spotify_hot
6771737104	ขอแค่นี้ (Forever n ever)	PUN	While I'm away - Single	219	spotify_hot
1891261032	รักให้เธอได้รู้ (Proof.)	PUN	รักให้เธอได้รู้ (Proof.) - Single	202	spotify_hot
1801128046	Living Death	PUN	Living Death - Single	259	spotify_hot
1221366839	เพลงของเรา	Tattoo Colour	POP DAD	278	spotify_hot
1844797800	ใจฉันตามเธอไป	YOUNGOHM	ไฟกลางคืน	264	spotify_hot
1792752793	ความรัก	Bodyslam	คราม	292	spotify_hot
1880021410	ได้แค่เดินมาส่ง (The Last Walk) [feat. BLVCKHEART]	GAVIN:D	ROOM101	228	spotify_hot
1792155060	Nakorn Dara	YOUNGOHM	Nakorn Dara	196	spotify_hot
1829905640	ที่คั่นหนังสือ (Sometimes) [feat. NONT TANONT]	BOWKYLION	ที่คั่นหนังสือ (Sometimes) [feat. NONT TANONT] - Single	292	spotify_hot
1870748665	RAIN ZONE (feat. Z9)	Maiyarap	RAIN ZONE (feat. Z9) - Single	185	spotify_hot
1876432402	Good Luck to The Both of Us	Tattoo Colour	Good Luck to The Both of Us - Single	236	spotify_hot
1792752613	PLEASE	Atom Chanakan	CYANTIST	285	spotify_hot
1785191170	One Of My Life (feat. K6Y)	BLVCKHEART	One Of My Life (feat. K6Y) - Single	216	spotify_hot
6763282519	นอนนี่ (Zzz.) [feat. MUON] [Bonus Track]	PUN	นอนนี่ (Zzz.) [Bonus Track] [feat. MUON] - Single	188	spotify_hot
6768920354	ส่วนผสมลับ (Secret ingredient)	Jh4y	ส่วนผสมลับ (Secret ingredient) - Single	169	spotify_hot
1748093799	DAY ONE	PUN	DAY ONE - Single	273	spotify_hot
1829232507	วิงวอน (ex-change)	BOWKYLION	CHERRY	252	spotify_hot
1767346217	ที่เดิม	PUN	PUN	236	spotify_hot
1650339715	Very Very Small	YOUNGOHM	Very Very Small - Single	188	spotify_hot
1840357831	ดาวตก (Wish) [feat. Z9]	WANYAi	ดาวตก (Wish) [feat. Z9] - Single	241	spotify_hot
1604152220	ฟีโรโมน (feat. 2tflow)	BLVCKHEART	ฟีโรโมน (feat. 2tflow) - Single	220	spotify_hot
1860003749	กลัวความเสียใจ (feat. Pearpilincys)	SARAN	กลัวความเสียใจ (feat. Pearpilincys) - Single	291	spotify_hot
1830506536	1 OF 1	P6ICK & SURIYA MQT	1 OF 1 - Single	261	spotify_hot
6764785899	Baddie (feat. Justmine JMNK)	IRONBOY	PARTYNARY	149	spotify_hot
1861468995	ครองโลก	Yungtarr	MultiColorBands	162	spotify_hot
1840118550	สายไป (feat. BLVCKHEART)	9tokyo	สายไป (feat. BLVCKHEART) - Single	198	spotify_hot
1792751039	ข้างกัน (City) [feat. ออม TELEx TELEXs]	Three Man Down	ข้างกัน (City) [feat. ออม TELEx TELEXs] - Single	296	spotify_hot
6773206872	หลุมอากาศ	Palmy	หลุมอากาศ - Single	267	spotify_hot
6764822165	ไม่มีวันไหนที่ไม่คิดถึง (starlost.)	PURPEECH	ไม่มีวันไหนที่ไม่คิดถึง (starlost.) - Single	280	spotify_hot
1803381114	กลัวว่าฉันจะไม่เสียใจ (Fear)	PURPEECH	กลัวว่าฉันจะไม่เสียใจ (Fear) - Single	287	independent
1792752621	ถ้าเธอรักฉันจริง	Three Man Down	ถ้าเธอรักฉันจริง - Single	240	spotify_hot
1830402788	ลามปาม (circus) [feat. Jeff Satur]	BOWKYLION	ลามปาม (circus) [feat. Jeff Satur] - Single	296	spotify_hot
1844797576	Benz ดำ	YOUNGOHM	ไฟกลางคืน	170	spotify_hot
1825565565	Perfect (feat. 1MILL)	PUN	Perfect (feat. 1MILL) - Single	255	spotify_hot
1844797590	กรุงเทพมหานคร	YOUNGOHM	ไฟกลางคืน	224	spotify_hot
1635895631	ทุกนาทีที่สวยงาม	NONT TANONT	Cigarette Candy & Vanilla Sky	365	spotify_hot
1792752614	แผลเป็น (SCAR)	Atom Chanakan	CYANTIST	268	spotify_hot
6762747698	เมื่อถูกค้นพบ (Finally She Found.)	FREEHAND	เมื่อถูกค้นพบ (Finally She Found.) - Single	240	spotify_hot
6763197200	ฉันมาบอกว่า	Season Five	ฉันมาบอกว่า - Single	282	spotify_hot
1842826691	หล่น (Faded)	PUN	หล่น (Faded) - Single	194	spotify_hot
1767346202	BF (feat. URBOYTJ)	PUN	PUN	214	spotify_hot
1440852992	Love Me Harder	Ariana Grande & The Weeknd	My Everything (Bonus Tracks Edition)	236	spotify_hot
1792750384	คืนจันทร์	Loso	Rock & Roll	236	spotify_hot
1792753544	คิด(แต่ไม่)ถึง (Same Page?)	Tilly Birds	คิด(แต่ไม่)ถึง (Same Page?) - Single	267	spotify_hot
1767346201	I Just Wanna Know	PUN	PUN	224	spotify_hot
1892358256	ทำใจไม่ได้ (feat. BLVCKHEART)	Z9	ทำใจไม่ได้ (feat. BLVCKHEART) - Single	210	spotify_hot
1020804433	ก่อนตาย	Big Ass	XL	257	spotify_hot
1889091641	STORY (feat. SURIYA MQT & Yungtarr)	P6ICK	STORY (feat. SURIYA MQT & Yungtarr) - Single	210	spotify_hot
1829231896	วาดไว้ (recall)	BOWKYLION	วาดไว้ (recall) - Single	256	spotify_hot
1219179091	เวลาเธอยิ้ม	Polycat	80 Kisses	227	spotify_hot
1840080739	สมดุลรัก (Balance) [feat. Sexski]	SEA.	สมดุลรัก (Balance) [feat. Sexski] - Single	198	spotify_hot
1220341540	ฉันรักเธอ (feat. ฟักกลิ้ง ฮีโร่)	Tattoo Colour	ชุดที่ 8 จงเพราะ	225	spotify_hot
1792752632	ฝนตกไหม	Three Man Down	ฝนตกไหม - Single	261	spotify_hot
1884869489	กลัวว่าฉันจะไม่เสียใจ x สถานีปลายทาง (feat. Saran)	PURPEECH	กลัวว่าฉันจะไม่เสียใจ x สถานีปลายทาง (feat. Saran) - Single	330	spotify_hot
1684922404	เมษา (MAYSA) [feat. BLACKSHEEP]	fellow fellow	เมษา (MAYSA) [feat. BLACKSHEEP] - Single	240	spotify_hot
1814557718	อยากจะกอดเธอนาน ๆ (HAVE A GOOD TIME)	BLVCKHEART	อยากจะกอดเธอนาน ๆ (HAVE A GOOD TIME) - Single	219	spotify_hot
1792875723	พบเพื่อเพียงผ่าน	Zeal	Space	263	spotify_hot
1793317367	SKY & SEA	Earth Patravee	SKY & SEA - Single	312	spotify_hot
1649094078	ศิโรราป	BLVCKHEART	HeartDiary - EP	223	spotify_hot
1831706271	DMMA	JustmineNika	DMMA - Single	156	spotify_hot
6763503498	เดิมเดิม (Once)	LANDOKMAI	เดิมเดิม (Once) - Single	240	independent
1775897409	ปฏิเสธไม่ไหว (feat. No One Else)	Lipta	ปฏิเสธไม่ไหว (feat. No One Else) - Single	225	spotify_hot
1813811665	เจิดจรัส	YOUNGOHM	เจิดจรัส - Single	262	spotify_hot
1789520073	CURSE (รักใครไม่เป็น) [feat. 2K & Saran]	Z9	CURSE (รักใครไม่เป็น) [feat. 2K & Saran] - Single	253	spotify_hot
1792753683	เพลงรัก	Three Man Down	เพลงรัก - Single	269	spotify_hot
1841900014	มือเปล่า (PUT THE GUN DOWN)	ALIE BLACKCOBRA	Angel Energy	217	spotify_hot
1066767071	ไกล	Musketeers	Left Right and Something	273	spotify_hot
6768912122	จำไว้	Ink Waruntorn	จำไว้ - Single	242	spotify_hot
1792752169	คู่ชีวิต	Cocktail	the lords of misery	337	spotify_hot
1792755247	อะไรก็ยอม	Loso	เอ็นเตอร์เทนเม้นท์	308	spotify_hot
1701760453	Halley's Comet	fellow fellow	Halley's Comet - Single	224	spotify_hot
1526293930	Legends of a Love Story (feat. Gavin D)	YOUNGOHM	BANGKOK LEGACY	240	spotify_hot
1792752180	เธอ	Cocktail	the lords of misery	266	spotify_hot
1792751443	แค่เธอเข้ามา (Worth The Wait)	Tilly Birds	ผู้เดียว	206	spotify_hot
1066211448	แค่คุณ	Musketeers	Uprising	238	spotify_hot
1861468983	นิราศ	Yungtarr	MultiColorBands	149	spotify_hot
1792750038	ใจสั่งมา	Loso	Rock & Roll	209	spotify_hot
1066766950	ความทรงจำ	Musketeers	Left Right and Something	259	spotify_hot
6762745093	ฉันต้องคิดถึงเธอแบบไหน (Cloudy)	Ink Waruntorn	BLISS - EP	273	spotify_hot
1761526117	ONE GIRL (feat. 2T Flow & BLVCKHEART)	SARAN	ONE GIRL (feat. 2T Flow & BLVCKHEART) - Single	263	spotify_hot
1453959261	Thararat	YOUNGOHM	Thararat - Single	221	spotify_hot
1637994044	MUSE (feat. Davii)	PUN	MUSE (feat. Davii) - Single	207	spotify_hot
1728901218	ที่รักใจเย็น (feat. Williams & BLVCKHEART)	Yented	URDAWG	203	spotify_hot
1766487862	ไม่บอกเธอ	Bedroom Audio	2014 Extended Play	314	spotify_hot
1638899158	เธอทำให้ฉันกลายเป็นเด็ก (feat. THAOWANZ)	SARAN	เธอทำให้ฉันกลายเป็นเด็ก (feat. THAOWANZ) - Single	213	spotify_hot
1868326920	Sesi Potret	eńau & Ari Lesmana	Sesi Potret - Single	243	spotify_hot
6766465451	2001x	Adrian Khalif	2001x - Single	204	spotify_hot
1793295104	everything u are	Hindia	Doves, '25 on Blank Canvas	236	independent
1867165038	Ini Abadi	Perunggu	Memorandum	232	independent
1868294171	Kita Buat Menyenangkan	Bernadya	Kita Buat Menyenangkan - Single	250	spotify_hot
1814569054	Titik Nadir (feat. Monita Tahalea)	Kahitna	Titik Nadir (feat. Monita Tahalea) - Single	245	spotify_hot
1875212140	1000X	Ghea Indrawari	1000X - Single	252	spotify_hot
1699730098	Terbuang Dalam Waktu	Barasuara	Terbuang Dalam Waktu - Single	279	independent
1884301907	Sempurnanya Aku	NPD	Sempurnanya Aku - Single	229	spotify_hot
1639765384	Adu Rayu	Yovie Widianto, Tulus & Glenn Fredly	Adu Rayu - Single	208	spotify_hot
1760139480	Tarot	.Feast	Membangun & Menghancurkan	289	spotify_hot
1830230463	Gemilang	Perunggu	Dalam Dinamika	301	spotify_hot
1844473583	MALU MALU	dia & INDAHKUS	MALU MALU - Single	206	independent
6764270080	Astaga Bercanda	Akbar Chalay & Mingse	Astaga Bercanda - Single	167	spotify_hot
1775877096	Merry Christmas, Please Don't Call	Bleachers	Merry Christmas, Please Don't Call - Single	202	independent
1612164263	Jatuh Suka	Tulus	Manusia	235	spotify_hot
1867165290	33x	Perunggu	Memorandum	435	independent
1766383338	Backburner	NIKI	Nicole	237	independent
1843272861	SO ASU	Naykilla	SO ASU - Single	156	spotify_hot
1754900346	Penyangkalan	For Revenge	Penyangkalan - Single	241	spotify_hot
1842131302	Alamak	Rizky Febian & Adrian Khalif	Alamak - Single	209	spotify_hot
1885485750	Rabun Jauh	Bernadya	Rabun Jauh - Single	175	spotify_hot
1612164667	Hati-Hati di Jalan	Tulus	Manusia	242	spotify_hot
1440853083	My Everything	Ariana Grande	My Everything (Bonus Tracks Edition)	168	spotify_hot
1749943602	Nina	.Feast	Nina - Single	278	spotify_hot
1753913505	Soulmate	Kahitna	Soulmate	211	spotify_hot
1694217962	Kita Ke Sana	Hindia	Lagipula Hidup Akan Berakhir	283	spotify_hot
1806176608	You'll Be In My Heart	NIKI	You'll Be In My Heart - Single	242	independent
1766383800	Oceans & Engines	NIKI	Nicole	336	independent
1749498368	Lampu Kuning	Juicy Luicy	Nonfiksi	239	spotify_hot
1440861227	Almost Is Never Enough	Ariana Grande & Nathan Sykes	Yours Truly	328	spotify_hot
1837433138	Sedia Aku Sebelum Hujan	Idgitaf	Sedia Aku Sebelum Hujan - Single	230	spotify_hot
1440616470	Favorite Girl	Justin Bieber	My World (iTunes Exclusive Edition)	257	spotify_hot
289076746	The Man Who Can't Be Moved	The Script	The Script (Deluxe)	241	spotify_hot
1537179895	Siapkah Kau 'Tuk Jatuh Cinta Lagi	HIVI!	Siapkah Kau 'Tuk Jatuh Cinta Lagi - Single	280	spotify_hot
1691585282	Cincin	Hindia	Lagipula Hidup Akan Berakhir	266	spotify_hot
1632620145	Serana	For Revenge	Serana - Single	251	independent
1870566304	Kicau Mania	Ndarboy Genk, Banditoz Yaow 86 & BoyCord	Kicau Mania - Single	224	spotify_hot
326503967	Kasih Putih	Glenn Fredly	Kembali	237	spotify_hot
1612164256	Interaksi	Tulus	Manusia	170	spotify_hot
853560088	Cinta Dan Rahasia (feat. Glenn Fredly)	Yura Yunita	Yura	262	spotify_hot
1481804589	Rumah Ke Rumah	Hindia	Menari Dengan Bayangan	277	independent
1669413658	Sialan	Adrian Khalif & Juicy Luicy	Sialan - Single	241	spotify_hot
1590368894	All Too Well (10 Minute Version) [Taylor's Version] [From The Vault]	Taylor Swift	Red (Taylor’s Version) [+ A Message from Taylor]	613	spotify_hot
1639768073	Mantan Terindah	Yovie Widianto & Raisa	Yovie and His Friends: IRREPLACEABLE (#takkanterganti)	208	spotify_hot
1834078450	Kalapastangan	fitterkarma	Kalapastangan - Single	276	independent
1766905828	Multo	Cup of Joe	Multo - Single	238	spotify_hot
1874403321	Since Day One (feat. Flow G)	Skusta Clee	Since Day One (feat. Flow G) - Single	191	spotify_hot
1834078412	Pag-Ibig ay Kanibalismo II	fitterkarma	Pag-Ibig ay Kanibalismo II - Single	207	independent
1725877965	supernatural	Ariana Grande	eternal sunshine	163	spotify_hot
1862445191	Rosas (feat. Skusta Clee)	Yuridope	Rosas	250	spotify_hot
1821585685	Panaginip	nicole	Panaginip - Single	317	independent
1515131043	Lifetime	Ben&Ben	Lifetime - Single	172	spotify_hot
1870054960	Halik Sobrang Diin Pt. 2 (feat. Louie Grammz & Mi'Kel)	Gat Putch	Halik Sobrang Diin Pt. 2 (feat. Louie Grammz & Mi'Kel) - Single	214	spotify_hot
1818290178	kahel na langit	Maki	kahel na langit - Single	216	independent
1742057775	Fortnight (feat. Post Malone)	Taylor Swift	THE TORTURED POETS DEPARTMENT: THE ANTHOLOGY	229	spotify_hot
1766383512	The Apartment We Won't Share	NIKI	Nicole	150	independent
1742058097	Guilty as Sin?	Taylor Swift	THE TORTURED POETS DEPARTMENT: THE ANTHOLOGY	254	spotify_hot
1833479419	Libu-Libong Buwan (Uuwian)	Kyle Raphael	Libu-Libong Buwan (Uuwian) - Single	178	spotify_hot
1836082379	Kabisado	IV OF SPADES	Andalucia	208	spotify_hot
1789574725	Pahina	Cup of Joe	Silakbo	249	spotify_hot
1513162746	party 4 u	Charli xcx	how i'm feeling now	297	spotify_hot
1750307079	Taste	Sabrina Carpenter	Short n' Sweet	157	spotify_hot
1744392877	Dilaw	Maki	Dilaw - Single	192	independent
1797062667	Kalimutan Ka	Skusta Clee	Kalimutan Ka - Single	288	independent
1750307080	Please Please Please	Sabrina Carpenter	Short n' Sweet	186	spotify_hot
1795513518	Busy Woman	Sabrina Carpenter	Short n' Sweet (Deluxe)	187	spotify_hot
1600414620	Isa lang	Arthur Nery	Isa lang - Single	269	spotify_hot
1851010261	Tahanan	El Manu	Tahanan - Single	195	spotify_hot
1871123817	Moolah	Scoop Dogg & Daarth	Moolah - Single	158	spotify_hot
1840629223	Palayo Sa Mundo	Jolianne & Arthur Nery	Palayo Sa Mundo - Single	269	spotify_hot
1682855240	Tingin	Cup of Joe & Janine	Tingin - Single	222	spotify_hot
1708308996	Style (Taylor's Version)	Taylor Swift	1989 (Taylor's Version)	231	spotify_hot
1438142923	Sa Susunod Na Lang	PdL, Skusta Clee & Yuri	Sa Susunod Na Lang - Single	215	spotify_hot
1713674409	Alam Mo Ba Girl	Hev Abi	Kung Alam Mo Lang	224	spotify_hot
1750307088	Bed Chem	Sabrina Carpenter	Short n' Sweet	172	spotify_hot
1622713759	Mahika	Adie & Janine Berdin	Mahika - Single	202	independent
1750307372	Juno	Sabrina Carpenter	Short n' Sweet	223	spotify_hot
1800580280	twilight zone	Ariana Grande	eternal sunshine deluxe: brighter days ahead	198	spotify_hot
1556175857	Peaches (feat. Daniel Caesar & GIVĒON)	Justin Bieber	Justice	198	spotify_hot
1891955948	Dominga	Nateman & La Mave	Dominga - Single	228	spotify_hot
1776345984	Marilag	Dionela	Marilag - Single	158	spotify_hot
1831237608	Arz Kiya Hai  Coke Studio Bharat	Anuv Jain	Arz Kiya Hai - Coke Studio Bharat - Single	294	spotify_hot
1753101077	Antidote	Karan Aujla	Four Me (Apple Music Edition) - EP	187	spotify_hot
1858961217	Gehra Hua	Shashwat Sachdev, Arijit Singh, Irshad Kamil & Armaan Khan	Dhurandhar (Original Motion Picture Soundtrack)	362	spotify_hot
6770745507	Kath Lagda	Navaan Sandhu, Dhanda Nyoliwala, RXTRO & Sanya Dandona	Bipolar	312	spotify_hot
1854466376	Khat	Navjot Ahuja	Khat - Single	296	spotify_hot
6769094197	Jackpot	Cheema Y & Gur Sidhu	Bermuda Triangle	176	spotify_hot
1885907881	Jaiye Sajana	Shashwat Sachdev, Jasmine Sandlas & Satinder Sartaaj	Dhurandhar The Revenge (Original Motion Picture Soundtrack)	179	spotify_hot
1829591983	For A Reason	Karan Aujla & Ikky	P-POP CULTURE	180	spotify_hot
6771015859	Mashooqa (From “Cocktail 2”)	Pritam, Mahmood, Raghav Chaitanya, Amitabh Bhattacharya & Ruaa Kayy	Mashooqa (From “Cocktail 2”) - Single	230	spotify_hot
1745062759	Winning Speech	Karan Aujla & MXRCI	Winning Speech - Single	227	spotify_hot
1697533664	Admirin' You (feat. Preston Pablo)	Karan Aujla & Ikky	Making Memories	215	spotify_hot
6770745772	Headliner	Navaan Sandhu & Haakam	Bipolar	309	spotify_hot
1879493592	Bairan	Banjaare	Bairan - Single	151	spotify_hot
1697533818	Softly	Karan Aujla & Ikky	Making Memories	155	spotify_hot
6786654320	KALYANI (Remix)	ARJN, KDS, FIFTY4 & Shreya Ghoshal	KALYANI (Remix) - Single	269	spotify_hot
1858961581	Naal Nachna	Shashwat Sachdev, Afsana Khan, Irshad Kamil & Reble	Dhurandhar (Original Motion Picture Soundtrack)	155	spotify_hot
1783534421	LAAVAN	Jasmine Sandlas & Mofusion	LAAVAN - Single	185	spotify_hot
1824400209	Barbaad	The Rish & Jubin Nautiyal	Saiyaara (Original Motion Picture Soundtrack)	357	spotify_hot
1829591922	I Really Do...	Karan Aujla & Ikky	P-POP CULTURE	194	spotify_hot
1653219849	"Apna Bana Le (From ""Bhediya"")"	Arijit Singh, Sachin-Jigar & Amitabh Bhattacharya	"Apna Bana Le (From ""Bhediya"") - Single"	262	spotify_hot
1819981707	At Peace	Karan Aujla & Ikky	At Peace - Single	164	spotify_hot
6787955226	Sohniye	Shubh	Sohniye - Single	155	spotify_hot
1468448742	Tujhe Kitna Chahne Lage	Arijit Singh	Kabir Singh (Original Motion Picture Soundtrack)	285	spotify_hot
1881837853	"Pavazha Malli (From ""Think Indie"")"	Sai Abhyankkar, Shruti Haasan & Vivek	"Pavazha Malli (From ""Think Indie"") - Single"	253	spotify_hot
6763153453	Boom Shaka	KR$NA & Dhanda Nyoliwala	Boom Shaka - Single	219	spotify_hot
1167416565	Darkhaast (feat. Arijit Singh, Sunidhi Chauhan)	Mithoon	Shivaay (Original Motion Picture Soundtrack)	374	spotify_hot
1885907879	Jaan Se Guzarte Hain	Shashwat Sachdev & Khan Saab	Dhurandhar The Revenge (Original Motion Picture Soundtrack)	331	spotify_hot
1885907872	Dhurandhar The Revenge - Aari Aari	Shashwat Sachdev, Bombay Rockers, Irshad Kamil, Khan Saab, Reble, Token, Jasmine Sandlas, Sudhir Yaduvanshi & Navtej Singh Rehal	Dhurandhar The Revenge (Original Motion Picture Soundtrack)	210	spotify_hot
1779786209	Wavy	Karan Aujla & Jay Trak	Wavy - Single	161	spotify_hot
1829591986	Boyfriend	Karan Aujla & Ikky	P-POP CULTURE	161	spotify_hot
1267390213	Hawayein	Pritam & Arijit Singh	Jab Harry Met Sejal (Original Motion Picture Soundtrack)	290	spotify_hot
6770745748	Hood Ambience	Navaan Sandhu & JayB Singh	Bipolar	223	spotify_hot
1842069636	Dooriyan	Pritam & Mohit Chauhan	Love Aaj Kal (Original Motion Picture Soundtrack)	337	spotify_hot
6769824836	"Raga of Revenge (From ""DC"")"	Anirudh Ravichander	"Raga of Revenge (From ""DC"") - Single"	131	spotify_hot
1829591995	MF Gabhru!	Karan Aujla & Ikky	P-POP CULTURE	200	spotify_hot
6786999815	"One Name (From ""Jailer 2"")"	Anirudh Ravichander & Heisenberg	"One Name (From ""Jailer 2"") - Single"	60	spotify_hot
1858961566	Lutt Le Gaya	Shashwat Sachdev & Simran Choudhary	Dhurandhar (Original Motion Picture Soundtrack)	254	spotify_hot
1581006912	Lover	Diljit Dosanjh	MoonChild Era	190	spotify_hot
1275543935	Shree Hanuman Chalisa	Hariharan	Shree Hanuman Chalisa (Hanuman Ashtak)	586	spotify_hot
1824400210	Tum Ho Toh	Vishal Mishra, Hansika Pareek & Raj Shekhar	Saiyaara (Original Motion Picture Soundtrack)	318	spotify_hot
1796165815	Young G.O.A.T	Cheema Y & Gur Sidhu	Young G.O.A.T	226	spotify_hot
1134725347	Tum Se Hi	Pritam & Mohit Chauhan	Jab We Met (Original Motion Picture Soundtrack)	321	spotify_hot
1875907951	5-7	Karan Aujla & MXRCI	5-7 - Single	154	spotify_hot
1770578896	Safar	Bayaan & Sherazam	Safar - Single	217	spotify_hot
1348996917	Tera Yaar Hoon Main	Arijit Singh	Sonu Ke Titu Ki Sweety (Original Motion Picture Soundtrack)	265	spotify_hot
1537035416	Tere Liye	Atif Aslam & Shreya Ghoshal	Prince (Original Motion Picture Soundtrack)	280	spotify_hot
1468448741	Kaise Hua	Vishal Mishra	Kabir Singh (Original Motion Picture Soundtrack)	235	spotify_hot
1851661439	KALYANI	ARJN, KDS, FIFTY4 & RONN	KALYANI - Single	234	spotify_hot
1070912818	Kabira	Pritam, Tochi Raina & Rekha Bhardwaj	Yeh Jawaani Hai Deewani (Original Motion Picture Soundtrack)	223	spotify_hot
1884523050	Udi Udi	Aneesh, Sarkar & Hruday	Udi Udi - Single	161	spotify_hot
1648624479	Wo Noor	AP Dhillon	Two Hearts Never Break the Same - EP	199	spotify_hot
1847301512	"God Mode (From ""Karuppu"")"	Sai Abhyankkar, Gana Muthu & Vishnu Edavan	"God Mode (From ""Karuppu"") - Single"	240	spotify_hot
1839416338	Deewane (feat. BIR)	Navaan Sandhu	House Navior	207	spotify_hot
1824400208	Saiyaara	Tanishk Bagchi, Faheem Abdullah, Arslan Nizami & Irshad Kamil	Saiyaara (Original Motion Picture Soundtrack)	371	spotify_hot
1721543292	Sahiba	Aditya Rikhari	Sahiba - Single	190	spotify_hot
1858961209	Dhurandhar - Title Track	Shashwat Sachdev, Hanumankind, Jasmine Sandlas, Sudhir Yaduvanshi, Charanjit Ahuja, Muhammad Sadiq, Ranjit Kaur & Babu Singh Maan	Dhurandhar (Original Motion Picture Soundtrack)	156	spotify_hot
1873920347	Aarzu	KHAN, Noor & Madhurxo	Aarzu - EP	188	spotify_hot
6778558834	Sadi Sun	Harsh Nussi	Sadi Sun - Single	171	spotify_hot
6772998267	Aarzu (with Asim Azhar)	Asim Azhar, Noor, KHAN & Madhurxo	Aarzu (with Asim Azhar) - Single	185	spotify_hot
1795603975	O Sanam	Akhil Sachdeva	O Sanam - Single	265	spotify_hot
1478998926	"Ghungroo (From ""War"")"	Arijit Singh, Shilpa Rao & Vishal & Shekhar	"Ghungroo (From ""War"") - Single"	303	spotify_hot
1123241858	Phir Se Ud Chala	Mohit Chauhan	Rockstar (Original Motion Picture Soundtrack)	269	spotify_hot
6769094204	Komagata Maru	Cheema Y & Gur Sidhu	Bermuda Triangle	122	spotify_hot
1858961224	Shararat	Shashwat Sachdev, Madhubanti Bagchi & Jasmine Sandlas	Dhurandhar (Original Motion Picture Soundtrack)	224	spotify_hot
1697533665	Jee Ni Lagda	Karan Aujla & Ikky	Making Memories	139	spotify_hot
6769093942	Money 2X	Cheema Y & Gur Sidhu	Bermuda Triangle	129	spotify_hot
6787948737	"Hangova (From ""DC"")"	Anirudh Ravichander & Heisenberg	"Hangova (From ""DC"") - Single"	248	spotify_hot
1858961214	Ishq Jalakar - Karvaan	Shashwat Sachdev, Shahzad Ali, Subhadeep Das Chowdhury, Armaan Khan, Irshad Kamil, Roshan & Sahir Ludhianvi	Dhurandhar (Original Motion Picture Soundtrack)	251	spotify_hot
6769094198	Love Salary	Cheema Y & Gur Sidhu	Bermuda Triangle	176	spotify_hot
1844842242	Tutor	Cheema Y & Gur Sidhu	The Simpsons	200	spotify_hot
1537031094	Pehli Nazar Mein	Atif Aslam & Pritam	Race (Original Motion Picture Soundtrack)	313	spotify_hot
6769094201	CEO	Cheema Y & Gur Sidhu	Bermuda Triangle	132	spotify_hot
1440871420	Starboy (feat. Daft Punk)	The Weeknd	Starboy	230	spotify_hot
1714131823	Lalkara (feat. Sultaan)	Diljit Dosanjh	Ghost	160	spotify_hot
6771655745	Ban Ja Tu	Charan Preet & Badshah	Ban Ja Tu - Single	228	spotify_hot
1687649562	Cheques	Shubh	Still Rollin	184	spotify_hot
1174924385	Bulleya	Pritam, Amit Mishra & Shilpa Rao	Ae Dil Hai Mushkil (Deluxe Edition) [Original Motion Picture Soundtrack]	349	spotify_hot
1883679876	Jamaican (Bam Bam)	HUGEL & SOLTO (FR)	Jamaican (Bam Bam) - Single	156	spotify_hot
1540255874	Aabaad Barbaad	Pritam & Arijit Singh	Ludo (Original Motion Picture Soundtrack)	309	spotify_hot
6772887736	Tujhko (From “Cocktail 2”)	Pritam, Arijit Singh, Sunidhi Chauhan & Amitabh Bhattacharya	Tujhko (From “Cocktail 2”) - Single	342	spotify_hot
1720291560	The Beast	Cheema Y & Gur Sidhu	Dripster - EP	141	spotify_hot
1796165824	Police	Cheema Y, Gur Sidhu & Jasmeen Akhtar	Young G.O.A.T	141	spotify_hot
1635014240	"Kesariya (From ""Brahmastra"")"	Pritam, Arijit Singh & Amitabh Bhattacharya	"Kesariya (From ""Brahmastra"") - Single"	268	spotify_hot
6781259904	"Bandhu 2.0 (From ""Cocktail 2"")"	Pritam, Kavita Seth, Neeraj Shridhar & Irshad Kamil	"Bandhu 2.0 (From ""Cocktail 2"") - Single"	222	spotify_hot
1169015785	Channa Mereya	Pritam & Arijit Singh	Ae Dil Hai Mushkil (Original Motion Picture Soundtrack)	289	spotify_hot
1648624705	Dil Nu	AP Dhillon & Shinda Kahlon	Two Hearts Never Break the Same - EP	234	spotify_hot
1714131801	Kinni Kinni	Diljit Dosanjh	Ghost	213	spotify_hot
1123241921	Kun Faya Kun	A.R. Rahman, Javed Ali & Mohit Chauhan	Rockstar (Original Motion Picture Soundtrack)	470	spotify_hot
264849919	Tere Bina	A.R. Rahman, Chinmayi Sripada, Murtuza Khan & Qadir Khan	Guru (Original Motion Picture Soundtrack)	310	spotify_hot
1808015769	Supreme	Shubh	Supreme - Single	178	spotify_hot
1752427648	Tainu Khabar Nahi	Sachin-Jigar, Arijit Singh & Amitabh Bhattacharya	Munjya (Original Motion Picture Soundtrack)	188	spotify_hot
1758669726	Jo Tum Mere Ho	Anuv Jain	Jo Tum Mere Ho - Single	252	spotify_hot
1796165834	Takde Gharde	Cheema Y & Gur Sidhu	Young G.O.A.T	135	spotify_hot
1796165813	Life for Hip-Hop	Cheema Y & Gur Sidhu	Young G.O.A.T	174	spotify_hot
1829591989	HIM.	Karan Aujla & Ikky	P-POP CULTURE	192	spotify_hot
1846537706	"Arasan Theme (From ""Arasan"")"	Anirudh Ravichander	"Arasan Theme (From ""Arasan"") - Single"	95	spotify_hot
1123241929	Tum Ho	Mohit Chauhan & Suzanne D'Mello	Rockstar (Original Motion Picture Soundtrack)	316	spotify_hot
1892545227	Bring Your Love	Madonna & Sabrina Carpenter	CONFESSIONS II	222	spotify_hot
1892545226	One Step Away	Madonna	CONFESSIONS II	263	spotify_hot
1892545101	I Feel So Free	Madonna	CONFESSIONS II	299	spotify_hot
1892545102	Good For The Soul	Madonna	CONFESSIONS II	188	spotify_hot
1892545232	Read My Lips	Madonna & Feid	CONFESSIONS II	286	spotify_hot
1892545243	Bizarre	Madonna & Martin Garrix	CONFESSIONS II	245	spotify_hot
1892545237	Love Sensation	Madonna	CONFESSIONS II	227	spotify_hot
1892545235	Everything	Madonna	CONFESSIONS II	250	spotify_hot
1884169311	Peão Todo Tatuado	Jeninho & Mariana Fagundes	Abacaxi Pegou Preço (Ao Vivo em Goiânia) Ep. 01 - EP	134	spotify_hot
6766616374	Cuida do Pet (feat. Mc Negão Original, DU'L & Dj Aladin GDB)	Oldilla, Mc Iguinho Ct, MC Willian & Aaron Modesto	Cuida do Pet (feat. Mc Negão Original, DU'L & Dj Aladin GDB) - Single	459	spotify_hot
1892545242	Love Without Words	Madonna	CONFESSIONS II	261	spotify_hot
1892545244	School	Madonna	CONFESSIONS II	263	spotify_hot
1889661531	Cadeira Cativa (Ao Vivo)	Zé Neto & Cristiano	Vocês & Deus, Vol. 1 (Ao Vivo no Rio de Janeiro)	161	spotify_hot
1809247776	P do Pecado (Ao Vivo)	Grupo Menos É Mais & Simone Mendes	MOLHO (Ao Vivo) - EP	192	spotify_hot
1892545251	Fragile	Madonna	CONFESSIONS II	260	spotify_hot
1838576011	Eu Te Seguro (Ao Vivo)	Panda & MJ Records	Eu Te Seguro (Ao Vivo) - Single	149	spotify_hot
971393837	Nocaute	Jorge & Mateus	Os Anjos Cantam	167	spotify_hot
1449030010	Whisky e Gelo (Acústico)	Zé Neto & Cristiano	Acústico de Novo - EP	153	spotify_hot
971393833	Os Anjos Cantam	Jorge & Mateus	Os Anjos Cantam	198	spotify_hot
1893225300	Mandinga	Anitta & Marina Sena	EQUILIBRIVM	186	spotify_hot
1893225298	Desgraça	Anitta	EQUILIBRIVM	171	spotify_hot
6782207878	Pau Pra Toda Obra	Mc Jacaré, MC Ryan SP, Mc Lele JP & Mc IG	Pau Pra Toda Obra - Single	229	spotify_hot
1892545381	My Sins Are My Savior (feat. Stromae)	Madonna	CONFESSIONS II	201	spotify_hot
1891400226	Choka Choka	Anitta & Shakira	Choka Choka - Single	132	spotify_hot
1860312608	JETSKI	PEDRO SAMPAIO, MC Meno K & Melody	JETSKI - Single	149	spotify_hot
1880033670	Posso Até Não Te Dar Flores (feat. DJ DAVI DOGDOG)	DJ Japa NK, MC Meno K, MC Ryan SP & Mc Jacaré	Posso Até Não Te Dar Flores (feat. DJ DAVI DOGDOG) - Single	162	spotify_hot
1377826892	Sweet Child O' Mine	Guns N' Roses	Appetite for Destruction	356	spotify_hot
1615585008	As It Was	Harry Styles	Harry's House	167	spotify_hot
1832056420	Pela Última Vez (Ao Vivo)	Grupo Menos É Mais & Nattan	MOLHO (Ao Vivo) - EP	162	spotify_hot
6765791263	AH, JESUS / CORAÇÃO IGUAL AO TEU	Julliany Souza	AH, JESUS / CORAÇÃO IGUAL AO TEU - EP	748	spotify_hot
1881788123	Última Saudade (Ao Vivo)	Henrique & Juliano	Manifesto Musical 2 (Ao Vivo) [EP1] - EP	150	spotify_hot
1874338569	Reliquia do 2T (feat. Mc Dkziin & MC Fr da Norte)	DJ Gu, MC Vine7, MC Tuto & MC Joãozinho VT	Reliquia do 2T (feat. Mc Dkziin & MC Fr da Norte) - Single	306	spotify_hot
1876549886	Famoso Ímã | O poderoso chatão	Mc Lele JP, Mc Poze do Rodo, MC Leozinho Zs & DJ Gordinho da VF	Famoso Ímã | O poderoso chatão - Single	218	spotify_hot
1859743919	Gauchinha (feat. MC LUUKY)	DJ Japa NK, MC Meno K, MC Ryan SP & Mc Brinquedo	Beat Que Te Deixa Alerta	273	spotify_hot
1769640075	Arruma Um Bão	Israel & Rodolffo	Termômetro	175	spotify_hot
1787023936	DtMF	Bad Bunny	DeBÍ TiRAR MáS FOToS	237	spotify_hot
1579983762	Melhor Que Muita Gente (O Copo Não Mente)	Israel & Rodolffo	Aqui e Agora Deluxe	162	spotify_hot
1793869710	Abracadabra	Lady Gaga	Abracadabra - Single	223	spotify_hot
1852125137	Tubarões (Ao Vivo)	Diego & Victor Hugo	Ao Vivo Em Uberlândia	163	spotify_hot
1892545382	Betrayal	Madonna	CONFESSIONS II	249	spotify_hot
1893225437	Meia Noite	Anitta & Los Brasileros	EQUILIBRIVM	147	spotify_hot
1763712155	Coração Partido (Corazón Partío) [Ao Vivo]	Grupo Menos É Mais	Coração Partido (Corazón Partío) [Ao Vivo] - Single	196	spotify_hot
1893225301	Caminhador	Anitta & Liniker	EQUILIBRIVM	183	spotify_hot
590431785	In the End	LINKIN PARK	Hybrid Theory (Deluxe Edition)	216	spotify_hot
1658237095	Leão	Marília Mendonça	Decretos Reais, Vol. 2 - EP	167	spotify_hot
1545270161	Dangerous Woman	Ariana Grande	Dangerous Woman (Video Album)	236	spotify_hot
1891173683	Se Saudade Sentir (Se Prepara 3)	MC Livinho, Mc Pedrinho, Perera DJ & DJ JB Mix	Se Saudade Sentir (Se Prepara 3) - Single	198	spotify_hot
713514810	Tempo Perdido	Legião Urbana	Dois	302	spotify_hot
1572917957	Expectativa x Realidade	Matheus & Kauan	Expectativa x Realidade - EP	163	spotify_hot
1877107828	Carnívoro	Mc Jacaré, Mc Lele JP, Mc Negão Original & DJ Japa NK	Carnívoro - Single	216	spotify_hot
1850824922	Pra Não Esquecer De Mim	Aaron Modesto, MC Magal, MC Meno K & DJ Glenner	Pra Não Esquecer De Mim - Single	193	spotify_hot
1588326074	Esqueça-Me Se For Capaz	Marília Mendonça & Maiara & Maraisa	Festa das Patroas 35%	169	spotify_hot
