track_id	title	artist	album	duration_seconds	category	proxy_weight	selection_rule	source_order	category_rank
1868862384	SWIM	BTS	ARIRANG	159	spotify_hot	1.00	spotify_hot_source_order_top_100	601	1
1790602218	Jumping Machine (跳楼机)	LBI	Jumping Machine (跳楼机) - EP	202	spotify_hot	1.00	spotify_hot_source_order_top_100	602	2
1692508528	海屿你	馬也_Crabbit & Cole先生	海屿你 - Single	296	spotify_hot	1.00	spotify_hot_source_order_top_100	603	3
1815583986	看着我的眼睛说	Zhang Yuan	看着我的眼睛说 - Single	261	spotify_hot	1.00	spotify_hot_source_order_top_100	604	4
1866732797	Risk It All	Bruno Mars	The Romantic	204	spotify_hot	1.00	spotify_hot_source_order_top_100	605	5
1766456183	嘉宾	Zhang Yuan	嘉宾 - Single	334	spotify_hot	1.00	spotify_hot_source_order_top_100	606	6
1721456393	Love Confession	Jay Chou	Jay Chou's Bedtime Stories	216	spotify_hot	1.00	spotify_hot_source_order_top_100	607	7
1796520821	像晴天像雨天(电视剧《难哄》心动曲)	Silence Wang	电视剧《难哄》影视原声带·只喜欢你Love Moments	237	spotify_hot	1.00	spotify_hot_source_order_top_100	608	8
1868862376	Body to Body	BTS	ARIRANG	190	spotify_hot	1.00	spotify_hot_source_order_top_100	609	9
1450330685	7 rings	Ariana Grande	thank u, next	179	spotify_hot	1.00	spotify_hot_source_order_top_100	610	10
1511562950	Stuck with U	Ariana Grande & Justin Bieber	Stuck with U - Single	228	spotify_hot	1.00	spotify_hot_source_order_top_100	611	11
1868862377	Hooligan	BTS	ARIRANG	182	spotify_hot	1.00	spotify_hot_source_order_top_100	612	12
1721450037	Qi-Li-Xiang	Jay Chou	Common Jasmine Orange	297	spotify_hot	1.00	spotify_hot_source_order_top_100	613	13
1884874215	A Heartbeat's Turn	Zhang Zi Ning & Rex	A Heartbeat's Turn	190	spotify_hot	1.00	spotify_hot_source_order_top_100	614	14
1868862380	2.0	BTS	ARIRANG	170	spotify_hot	1.00	spotify_hot_source_order_top_100	615	15
1721464906	Sunny Day	Jay Chou	Yeh, Hwei-Mei	270	spotify_hot	1.00	spotify_hot_source_order_top_100	616	16
1440852679	One Last Time	Ariana Grande	My Everything (Bonus Tracks Edition)	197	spotify_hot	1.00	spotify_hot_source_order_top_100	617	17
1868862387	NORMAL	BTS	ARIRANG	182	spotify_hot	1.00	spotify_hot_source_order_top_100	618	18
1207120448	Something Just Like This	The Chainsmokers & Coldplay	Memories...Do Not Open	247	spotify_hot	1.00	spotify_hot_source_order_top_100	619	19
1321295662	The Chaos After You	Eric Chou	The Chaos After You	280	spotify_hot	1.00	spotify_hot_source_order_top_100	620	20
1721456390	Shouldn't Be (feat. a-mei)	Jay Chou	Jay Chou's Bedtime Stories	291	spotify_hot	1.00	spotify_hot_source_order_top_100	621	21
1725878242	we can't be friends (wait for your love)	Ariana Grande	eternal sunshine	229	spotify_hot	1.00	spotify_hot_source_order_top_100	622	22
1825994651	YUKON	Justin Bieber	SWAG	164	spotify_hot	1.00	spotify_hot_source_order_top_100	623	23
1112093259	"How Have You Been? (Ending Theme Song of TVBS Series ""Life List"")"	Eric Chou	"How Have You Been? (Ending Theme Song of TVBS Series ""Life List"") - Single"	287	spotify_hot	1.00	spotify_hot_source_order_top_100	625	24
1874801993	Careful with Fate (Theme Song from the TV Series ''Pursuit of Jade'')	JJ Lin	Careful with Fate (Theme Song from the TV Series ''Pursuit of Jade'') - Single	282	spotify_hot	1.00	spotify_hot_source_order_top_100	626	25
1788007696	If Only	JJ Lin	Brave New World	298	spotify_hot	1.00	spotify_hot_source_order_top_100	627	26
1574378625	STAY	The Kid LAROI & Justin Bieber	STAY - Single	142	spotify_hot	1.00	spotify_hot_source_order_top_100	628	27
1721454553	Silence	Jay Chou	Fantasy	334	spotify_hot	1.00	spotify_hot_source_order_top_100	629	28
1721456567	The Longest Movie	Jay Chou	Jay Chou On The Run	236	spotify_hot	1.00	spotify_hot_source_order_top_100	630	29
1497822969	離開我的依賴	Evangeline	離開我的依賴 - Single	234	spotify_hot	1.00	spotify_hot_source_order_top_100	631	30
1468058173	Lover	Taylor Swift	Lover	221	spotify_hot	1.00	spotify_hot_source_order_top_100	633	31
1440862803	Counting Stars	OneRepublic	Native	257	spotify_hot	1.00	spotify_hot_source_order_top_100	634	32
1721458367	Rhythm of the Rain	Jay Chou	Aiyo, Not Bad	279	spotify_hot	1.00	spotify_hot_source_order_top_100	636	33
1538003843	Levitating	Dua Lipa	Future Nostalgia	204	spotify_hot	1.00	spotify_hot_source_order_top_100	637	34
6784585105	Teh Hijau	Tulus	Teh Hijau - Single	213	spotify_hot	1.00	spotify_hot_source_order_top_100	638	35
6781391180	MMG (My Mine Gueh)	Naykilla	MMG (My Mine Gueh) - Single	193	spotify_hot	1.00	spotify_hot_source_order_top_100	639	36
1875871278	Iqro'	Raim Laode	Iqro' - Single	234	spotify_hot	1.00	spotify_hot_source_order_top_100	640	37
1737267776	Ada titik-titik di ujung doa	Sal Priadi	MARKERS AND SUCH PENS FLASHDISKS	305	spotify_hot	1.00	spotify_hot_source_order_top_100	641	38
1844582644	Bahagia Lagi	Piche Kota	Bahagia Lagi - Single	227	spotify_hot	1.00	spotify_hot_source_order_top_100	642	39
1857742762	Jangan Paksa Rindu (Beda)	Ifan Seventeen	Jangan Paksa Rindu (Beda) - Single	245	spotify_hot	1.00	spotify_hot_source_order_top_100	644	40
573962555	When I Was Your Man	Bruno Mars	Unorthodox Jukebox	214	spotify_hot	1.00	spotify_hot_source_order_top_100	646	41
1545051686	drivers license	Olivia Rodrigo	drivers license - Single	242	spotify_hot	1.00	spotify_hot_source_order_top_100	647	42
1537477069	positions	Ariana Grande	Positions	172	spotify_hot	1.00	spotify_hot_source_order_top_100	648	43
1496639586	Intentions (feat. Quavo)	Justin Bieber	Changes	213	spotify_hot	1.00	spotify_hot_source_order_top_100	649	44
573962551	Locked Out of Heaven	Bruno Mars	Unorthodox Jukebox	233	spotify_hot	1.00	spotify_hot_source_order_top_100	651	45
1852008318	Masa ini, Nanti, dan Masa Indah Lainnya	Nuca	EUNOIA	276	spotify_hot	1.00	spotify_hot_source_order_top_100	652	46
303171282	Shape of My Heart	Backstreet Boys	Black & Blue	230	spotify_hot	1.00	spotify_hot_source_order_top_100	653	47
6779549306	Gila Bayang	Ammar Haikal	Gila Bayang - Single	198	spotify_hot	1.00	spotify_hot_source_order_top_100	654	48
1788364364	Ingat	ALYPH	The Storm	215	spotify_hot	1.00	spotify_hot_source_order_top_100	655	49
1844464069	bittersweet	Madison Beer	bittersweet - Single	203	spotify_hot	1.00	spotify_hot_source_order_top_100	656	50
1560735548	deja vu	Olivia Rodrigo	SOUR	216	spotify_hot	1.00	spotify_hot_source_order_top_100	657	51
1839352411	Who Knows	Daniel Caesar	Son Of Spergy	226	spotify_hot	1.00	spotify_hot_source_order_top_100	658	52
1832516372	kota ini tak sama tanpamu (with Aziz Harun & Aisha Retno)	Nadhif Basalamah, Aziz Harun & Aisha Retno	kota ini tak sama tanpamu (with Aziz Harun & Aisha Retno) - Single	270	spotify_hot	1.00	spotify_hot_source_order_top_100	659	53
1877082550	Sayang Orang Sama	Adira Suhaimi	Sayang Orang Sama - Single	202	spotify_hot	1.00	spotify_hot_source_order_top_100	660	54
1881750229	rollerblade	no na	rollerblade - Single	114	spotify_hot	1.00	spotify_hot_source_order_top_100	661	55
1737267355	Foto kita blur	Sal Priadi	MARKERS AND SUCH PENS FLASHDISKS	271	spotify_hot	1.00	spotify_hot_source_order_top_100	662	56
1768635695	Dancing In The Flames	The Weeknd	Dancing In The Flames - EP	220	spotify_hot	1.00	spotify_hot_source_order_top_100	663	57
1440892713	Treat You Better	Shawn Mendes	Illuminate (Deluxe)	188	spotify_hot	1.00	spotify_hot_source_order_top_100	664	58
1441941205	Pulang	Insomniacks	Pulang - Single	287	spotify_hot	1.00	spotify_hot_source_order_top_100	665	59
576670464	Talking to the Moon	Bruno Mars	Doo-Wops & Hooligans (Deluxe)	218	spotify_hot	1.00	spotify_hot_source_order_top_100	666	60
1820142190	kota ini tak sama tanpamu	Nadhif Basalamah	Nadhif (laman berikutnya)	280	spotify_hot	1.00	spotify_hot_source_order_top_100	667	61
1693108606	penjaga hati	Nadhif Basalamah	penjaga hati - Single	260	spotify_hot	1.00	spotify_hot_source_order_top_100	668	62
1884895750	Berapa Kali Kita Akan Saling Memaafkan	Pamungkas	Berapa Kali Kita Akan Saling Memaafkan - Single	284	spotify_hot	1.00	spotify_hot_source_order_top_100	669	63
1537476593	34+35	Ariana Grande	Positions	174	spotify_hot	1.00	spotify_hot_source_order_top_100	670	64
1474647486	boyfriend	Ariana Grande & Social House	boyfriend - Single	186	spotify_hot	1.00	spotify_hot_source_order_top_100	672	65
6762495387	Dunia Yang Nanti	Raim Laode	iqro'	202	spotify_hot	1.00	spotify_hot_source_order_top_100	673	66
1440920614	Enchanted	Taylor Swift	Speak Now	352	spotify_hot	1.00	spotify_hot_source_order_top_100	674	67
1546390051	Good Days	SZA	Good Days - Single	279	spotify_hot	1.00	spotify_hot_source_order_top_100	675	68
1657869532	Nobody Gets Me	SZA	SOS	181	spotify_hot	1.00	spotify_hot_source_order_top_100	676	69
1499378615	After Hours	The Weeknd	After Hours	361	spotify_hot	1.00	spotify_hot_source_order_top_100	677	70
1784652744	Garam & Madu (Sakit Dadaku)	Tenxi, Jemsii & Naykilla	Garam & Madu (Sakit Dadaku) - Single	184	spotify_hot	1.00	spotify_hot_source_order_top_100	678	71
1575730129	Pesan Terakhir	Lyodra	Lyodra	261	spotify_hot	1.00	spotify_hot_source_order_top_100	679	72
1749128335	jatuh cinta lagi	Nadhif Basalamah	Nadhif	249	spotify_hot	1.00	spotify_hot_source_order_top_100	680	73
6764229100	เมื่อไหร่จะมี (มีใจให้กัน)	BLVCKHEART	เมื่อไหร่จะมี (มีใจให้กัน) - Single	215	spotify_hot	1.00	spotify_hot_source_order_top_100	682	74
6784132784	นาฬิกาทราย (sign)	BOWKYLION	นาฬิกาทราย (sign) - Single	255	spotify_hot	1.00	spotify_hot_source_order_top_100	683	75
6776809226	ขี้แง (Boys Don't Cry)	PROXIE	ขี้แง (Boys Don't Cry) - Single	255	spotify_hot	1.00	spotify_hot_source_order_top_100	684	76
6771737104	ขอแค่นี้ (Forever n ever)	PUN	While I'm away - Single	219	spotify_hot	1.00	spotify_hot_source_order_top_100	685	77
1891261032	รักให้เธอได้รู้ (Proof.)	PUN	รักให้เธอได้รู้ (Proof.) - Single	202	spotify_hot	1.00	spotify_hot_source_order_top_100	686	78
1801128046	Living Death	PUN	Living Death - Single	259	spotify_hot	1.00	spotify_hot_source_order_top_100	687	79
1221366839	เพลงของเรา	Tattoo Colour	POP DAD	278	spotify_hot	1.00	spotify_hot_source_order_top_100	688	80
1844797800	ใจฉันตามเธอไป	YOUNGOHM	ไฟกลางคืน	264	spotify_hot	1.00	spotify_hot_source_order_top_100	689	81
1792752793	ความรัก	Bodyslam	คราม	292	spotify_hot	1.00	spotify_hot_source_order_top_100	690	82
1880021410	ได้แค่เดินมาส่ง (The Last Walk) [feat. BLVCKHEART]	GAVIN:D	ROOM101	228	spotify_hot	1.00	spotify_hot_source_order_top_100	691	83
1792155060	Nakorn Dara	YOUNGOHM	Nakorn Dara	196	spotify_hot	1.00	spotify_hot_source_order_top_100	692	84
1829905640	ที่คั่นหนังสือ (Sometimes) [feat. NONT TANONT]	BOWKYLION	ที่คั่นหนังสือ (Sometimes) [feat. NONT TANONT] - Single	292	spotify_hot	1.00	spotify_hot_source_order_top_100	693	85
1870748665	RAIN ZONE (feat. Z9)	Maiyarap	RAIN ZONE (feat. Z9) - Single	185	spotify_hot	1.00	spotify_hot_source_order_top_100	694	86
1876432402	Good Luck to The Both of Us	Tattoo Colour	Good Luck to The Both of Us - Single	236	spotify_hot	1.00	spotify_hot_source_order_top_100	695	87
1792752613	PLEASE	Atom Chanakan	CYANTIST	285	spotify_hot	1.00	spotify_hot_source_order_top_100	696	88
1785191170	One Of My Life (feat. K6Y)	BLVCKHEART	One Of My Life (feat. K6Y) - Single	216	spotify_hot	1.00	spotify_hot_source_order_top_100	697	89
6763282519	นอนนี่ (Zzz.) [feat. MUON] [Bonus Track]	PUN	นอนนี่ (Zzz.) [Bonus Track] [feat. MUON] - Single	188	spotify_hot	1.00	spotify_hot_source_order_top_100	698	90
6768920354	ส่วนผสมลับ (Secret ingredient)	Jh4y	ส่วนผสมลับ (Secret ingredient) - Single	169	spotify_hot	1.00	spotify_hot_source_order_top_100	699	91
1748093799	DAY ONE	PUN	DAY ONE - Single	273	spotify_hot	1.00	spotify_hot_source_order_top_100	700	92
1829232507	วิงวอน (ex-change)	BOWKYLION	CHERRY	252	spotify_hot	1.00	spotify_hot_source_order_top_100	701	93
1767346217	ที่เดิม	PUN	PUN	236	spotify_hot	1.00	spotify_hot_source_order_top_100	702	94
1650339715	Very Very Small	YOUNGOHM	Very Very Small - Single	188	spotify_hot	1.00	spotify_hot_source_order_top_100	703	95
1840357831	ดาวตก (Wish) [feat. Z9]	WANYAi	ดาวตก (Wish) [feat. Z9] - Single	241	spotify_hot	1.00	spotify_hot_source_order_top_100	704	96
1604152220	ฟีโรโมน (feat. 2tflow)	BLVCKHEART	ฟีโรโมน (feat. 2tflow) - Single	220	spotify_hot	1.00	spotify_hot_source_order_top_100	705	97
1860003749	กลัวความเสียใจ (feat. Pearpilincys)	SARAN	กลัวความเสียใจ (feat. Pearpilincys) - Single	291	spotify_hot	1.00	spotify_hot_source_order_top_100	706	98
1830506536	1 OF 1	P6ICK & SURIYA MQT	1 OF 1 - Single	261	spotify_hot	1.00	spotify_hot_source_order_top_100	707	99
6764785899	Baddie (feat. Justmine JMNK)	IRONBOY	PARTYNARY	149	spotify_hot	1.00	spotify_hot_source_order_top_100	708	100
1844932150	Choosin' Texas	Ella Langley	Choosin' Texas - Single	232	english_pop	0.90	english_pop_source_order_top_70	1	1
6769568596	Janice STFU	Drake	ICEMAN	237	english_pop	0.90	english_pop_source_order_top_70	2	2
6784327277	California Girls	Future	The Real Me	150	english_pop	0.90	english_pop_source_order_top_70	3	3
6784327292	Konnichiwa	Future	The Real Me	154	english_pop	0.90	english_pop_source_order_top_70	4	4
1869436845	Be Her	Ella Langley	Dandelion	217	english_pop	0.90	english_pop_source_order_top_70	5	5
6769568598	Shabang	Drake	ICEMAN	189	english_pop	0.90	english_pop_source_order_top_70	6	6
6763091996	I Can't Love You Anymore	Ella Langley & Morgan Wallen	I Can't Love You Anymore - Single	229	english_pop	0.90	english_pop_source_order_top_70	7	7
6784327272	F**k A Interview	Future	The Real Me	158	english_pop	0.90	english_pop_source_order_top_70	8	8
1889992115	stupid song	Olivia Rodrigo	you seem pretty sad for a girl so in love	210	english_pop	0.90	english_pop_source_order_top_70	9	9
6784327294	Snow in Skyami	Future	The Real Me	162	english_pop	0.90	english_pop_source_order_top_70	10	10
6787303156	MORNING DEW (DONK)	Beyoncé	MORNING DEW (DONK) - Single	244	english_pop	0.90	english_pop_source_order_top_70	11	11
6784327274	One Two	Future	The Real Me	120	english_pop	0.90	english_pop_source_order_top_70	12	12
1892189612	Spend Dat	Yung Miami	Spend Dat - Single	181	english_pop	0.90	english_pop_source_order_top_70	13	13
6784327509	Radio	Future	The Real Me	160	english_pop	0.90	english_pop_source_order_top_70	14	14
1802104202	20 Cigarettes	Morgan Wallen	I’m The Problem	161	english_pop	0.90	english_pop_source_order_top_70	15	15
6769568597	Ran To Atlanta	Drake, Future & Molly Santana	ICEMAN	247	english_pop	0.90	english_pop_source_order_top_70	16	16
6763656876	hate that i made you love me	Ariana Grande	petal	198	english_pop	0.90	english_pop_source_order_top_70	17	17
1889992123	the cure	Olivia Rodrigo	you seem pretty sad for a girl so in love	297	english_pop	0.90	english_pop_source_order_top_70	19	18
6784327286	Tank Top Pluto	Future	The Real Me	111	english_pop	0.90	english_pop_source_order_top_70	20	19
6784327291	Weight Up	Future	The Real Me	174	english_pop	0.90	english_pop_source_order_top_70	21	20
1802103970	I'm The Problem	Morgan Wallen	I’m The Problem	178	english_pop	0.90	english_pop_source_order_top_70	22	21
1137966332	Cinderella (feat. Ty Dolla $ign)	Mac Miller	The Divine Feminine	480	english_pop	0.90	english_pop_source_order_top_70	23	22
6784327295	Build a Bitch	Future	The Real Me	163	english_pop	0.90	english_pop_source_order_top_70	24	23
1884403093	Boston	STELLA LEFTY	Boston - Single	171	english_pop	0.90	english_pop_source_order_top_70	25	24
6784327293	Trench Coat	Future	The Real Me	106	english_pop	0.90	english_pop_source_order_top_70	26	25
6769568595	Whisper My Name	Drake	ICEMAN	223	english_pop	0.90	english_pop_source_order_top_70	27	26
6784327512	Money Over Everything	Future	The Real Me	134	english_pop	0.90	english_pop_source_order_top_70	28	27
1817609509	Man I Need	Olivia Dean	The Art of Loving	184	english_pop	0.90	english_pop_source_order_top_70	29	28
6784327513	Off the Hinge	Future	The Real Me	172	english_pop	0.90	english_pop_source_order_top_70	30	29
1440929293	Freestyle	Lil Baby	Too Hard	162	english_pop	0.90	english_pop_source_order_top_70	31	30
1621119447	WAIT FOR U (feat. Drake & Tems)	Future	I NEVER LIKED YOU	190	english_pop	0.90	english_pop_source_order_top_70	32	31
1648587330	In A Minute	Lil Baby	It's Only Me	200	english_pop	0.90	english_pop_source_order_top_70	33	32
6775527443	"I Knew It, I Knew You (From ""Toy Story 5"")"	Taylor Swift	"I Knew It, I Knew You (From ""Toy Story 5"") - Single"	178	english_pop	0.90	english_pop_source_order_top_70	34	33
6784327275	No Misery	Future	The Real Me	168	english_pop	0.90	english_pop_source_order_top_70	35	34
1818424212	Last Night	Morgan Wallen	One Thing At A Time	164	english_pop	0.90	english_pop_source_order_top_70	36	35
1744439049	I Had Some Help (feat. Morgan Wallen)	Post Malone	I Had Some Help (feat. Morgan Wallen) - Single	178	english_pop	0.90	english_pop_source_order_top_70	37	36
1727612051	Spin You Around (1/24)	Morgan Wallen	Spin You Around (1/24) - Single	209	english_pop	0.90	english_pop_source_order_top_70	38	37
1802103977	Just In Case	Morgan Wallen	I’m The Problem	166	english_pop	0.90	english_pop_source_order_top_70	39	38
1889992113	drop dead	Olivia Rodrigo	you seem pretty sad for a girl so in love	225	english_pop	0.90	english_pop_source_order_top_70	40	39
6784327514	If I Could	Future	The Real Me	191	english_pop	0.90	english_pop_source_order_top_70	41	40
1452017954	Best I Ever Had	Drake	So Far Gone	258	english_pop	0.90	english_pop_source_order_top_70	42	41
6776325365	Ghetto Love Story	BabyChiefDoit	Rise Against My Broken Odds	178	english_pop	0.90	english_pop_source_order_top_70	43	42
1621803969	LIKE ME (feat. 42 Dugg & Lil Baby)	Future	I NEVER LIKED YOU	133	english_pop	0.90	english_pop_source_order_top_70	44	43
1862634805	Be By You	Luke Combs	The Way I Am	198	english_pop	0.90	english_pop_source_order_top_70	45	44
6769568603	National Treasures	Drake	ICEMAN	201	english_pop	0.90	english_pop_source_order_top_70	46	45
1802103975	What I Want	Morgan Wallen & Tate McRae	I’m The Problem	185	english_pop	0.90	english_pop_source_order_top_70	47	46
1770160814	weren't for the wind	Ella Langley	still hungover	194	english_pop	0.90	english_pop_source_order_top_70	48	47
6769551476	I’m Spent	Drake & Loe Shimmy	HABIBTI	145	english_pop	0.90	english_pop_source_order_top_70	49	48
6784327511	2018	Future	The Real Me	224	english_pop	0.90	english_pop_source_order_top_70	50	49
1818426110	Cowgirls (feat. ERNEST)	Morgan Wallen	One Thing At A Time	182	english_pop	0.90	english_pop_source_order_top_70	51	50
269573364	Billie Jean	Michael Jackson	Thriller	294	english_pop	0.90	english_pop_source_order_top_70	53	51
6784327526	Eye To Eye	Future	The Real Me	145	english_pop	0.90	english_pop_source_order_top_70	55	52
1818425528	Thinkin’ Bout Me	Morgan Wallen	One Thing At A Time	177	english_pop	0.90	english_pop_source_order_top_70	56	53
1889992116	honeybee	Olivia Rodrigo	you seem pretty sad for a girl so in love	223	english_pop	0.90	english_pop_source_order_top_70	57	54
1871258330	E85	Don Toliver	OCTANE	153	english_pop	0.90	english_pop_source_order_top_70	58	55
1802104400	Don't We	Morgan Wallen	I’m The Problem	191	english_pop	0.90	english_pop_source_order_top_70	59	56
1556670532	Wants and Needs (feat. Lil Baby)	Drake	Scary Hours 2	193	english_pop	0.90	english_pop_source_order_top_70	60	57
6784327515	Big Moment	Future	The Real Me	195	english_pop	0.90	english_pop_source_order_top_70	61	58
1818469738	Wasted On You	Morgan Wallen	Dangerous: The Double Album	179	english_pop	0.90	english_pop_source_order_top_70	62	59
6784327518	Kick	Future	The Real Me	135	english_pop	0.90	english_pop_source_order_top_70	63	60
1506297772	March Madness	Future	56 Nights	244	english_pop	0.90	english_pop_source_order_top_70	64	61
1621119426	I'M DAT N***A	Future	I NEVER LIKED YOU	272	english_pop	0.90	english_pop_source_order_top_70	65	62
1621207921	Frozen	Lil Baby	Frozen - Single	179	english_pop	0.90	english_pop_source_order_top_70	66	63
1802103972	I Got Better	Morgan Wallen	I’m The Problem	205	english_pop	0.90	english_pop_source_order_top_70	68	64
6769568604	B’s On The Table	Drake & 21 Savage	ICEMAN	138	english_pop	0.90	english_pop_source_order_top_70	69	65
1017055092	Stick Talk	Future	DS2 (Deluxe)	171	english_pop	0.90	english_pop_source_order_top_70	70	66
1584281787	Knife Talk (feat. 21 Savage & Project Pat)	Drake	Certified Lover Boy	243	english_pop	0.90	english_pop_source_order_top_70	71	67
1818407111	You Proof	Morgan Wallen	You Proof - Single	157	english_pop	0.90	english_pop_source_order_top_70	72	68
1666738581	Where the Wild Things Are	Luke Combs	Gettin' Old	240	english_pop	0.90	english_pop_source_order_top_70	73	69
1534816484	Sum 2 Prove	Lil Baby	My Turn (Deluxe)	206	english_pop	0.90	english_pop_source_order_top_70	74	70
6769327013	玻璃	Gareth.T	玻璃 - Single	185	chinese_pop	0.90	chinese_pop_source_order_top_70	241	1
1134344911	爱错	王力宏	Shangri-La	239	chinese_pop	0.90	chinese_pop_source_order_top_70	242	2
905226305	我怀念的	孙燕姿	逆光	289	chinese_pop	0.90	chinese_pop_source_order_top_70	243	3
1579903651	特别的人	方大同	危險世界	259	chinese_pop	0.90	chinese_pop_source_order_top_70	244	4
200473135	阴天	莫文蔚	Karen Mok Greatest Hits	243	chinese_pop	0.90	chinese_pop_source_order_top_70	245	5
905206660	爱我还是他	陶喆	太平盛世	293	chinese_pop	0.90	chinese_pop_source_order_top_70	246	6
298837675	开始懂了	孙燕姿	My Desired Happiness	271	chinese_pop	0.90	chinese_pop_source_order_top_70	247	7
1443352465	爱情转移	陈奕迅	認了吧 (台灣版)	260	chinese_pop	0.90	chinese_pop_source_order_top_70	248	8
347295290	雨爱	杨丞琳	Rainie & Love?	262	chinese_pop	0.90	chinese_pop_source_order_top_70	249	9
1871400641	关键词	林俊杰	From M.E. To Myself	208	chinese_pop	0.90	chinese_pop_source_order_top_70	250	10
255921025	我不难过	孙燕姿	未完成	320	chinese_pop	0.90	chinese_pop_source_order_top_70	251	11
1097016179	会呼吸的痛	梁静茹	崇拜	273	chinese_pop	0.90	chinese_pop_source_order_top_70	252	12
1528146380	你不知道的事	王力宏	18 Martial Arts	279	chinese_pop	0.90	chinese_pop_source_order_top_70	253	13
542922095	十年	陈奕迅	你的陳奕迅國語精選	205	chinese_pop	0.90	chinese_pop_source_order_top_70	254	14
220365871	爱爱爱	方大同	This Love	213	chinese_pop	0.90	chinese_pop_source_order_top_70	255	15
1095630246	情歌	梁静茹	别再为他流泪	260	chinese_pop	0.90	chinese_pop_source_order_top_70	256	16
949320731	Angel	YOON MIRAE, Tiger JK & Bizzy	Angel - Single	255	chinese_pop	0.90	chinese_pop_source_order_top_70	257	17
1442913348	最佳损友	陈奕迅	Life Continues	234	chinese_pop	0.90	chinese_pop_source_order_top_70	258	18
1868628419	無名氏	MC 張天賦	無名氏 - Single	227	chinese_pop	0.90	chinese_pop_source_order_next_unique	311	71
280911996	遇见	孙燕姿	Your Song (2006 新歌+精選)	210	chinese_pop	0.90	chinese_pop_source_order_top_70	260	20
1443352455	淘汰	陈奕迅	認了吧 (台灣版)	285	chinese_pop	0.90	chinese_pop_source_order_top_70	261	21
597217626	一个人想着一个人	曾沛慈	KO One Return (Original Soundtrack)	244	chinese_pop	0.90	chinese_pop_source_order_top_70	262	22
1443783507	孤独患者	陈奕迅	?	273	chinese_pop	0.90	chinese_pop_source_order_top_70	263	23
1722205331	忽然之间	莫文蔚	就是莫文蔚	202	chinese_pop	0.90	chinese_pop_source_order_top_70	264	24
1871400637	不为谁而作的歌	林俊杰	From M.E. To Myself	266	chinese_pop	0.90	chinese_pop_source_order_top_70	265	25
1071753628	江南	林俊杰	第二天堂(江南)	268	chinese_pop	0.90	chinese_pop_source_order_top_70	266	26
1811349432	颜色	Gareth.T	顏色 - Single	211	chinese_pop	0.90	chinese_pop_source_order_top_70	267	27
1887671067	REDRED	CORTIS	GREENGREEN - EP	163	chinese_pop	0.90	chinese_pop_source_order_top_70	268	28
1134353955	大城小爱	王力宏	Heroes of Earth	225	chinese_pop	0.90	chinese_pop_source_order_top_70	269	29
1416149929	飞机场的10:30	陶喆	David Tao	281	chinese_pop	0.90	chinese_pop_source_order_top_70	270	30
1443346107	富士山下	陈奕迅	What's Going On...?	259	chinese_pop	0.90	chinese_pop_source_order_top_70	271	31
1450330686	thank u, next	Ariana Grande	thank u, next	207	chinese_pop	0.90	chinese_pop_source_order_top_70	272	32
152197590	太聪明	陈绮贞	Groupies	263	chinese_pop	0.90	chinese_pop_source_order_top_70	273	33
1053567928	多远都要在一起	邓紫棋	Heartbeat	217	chinese_pop	0.90	chinese_pop_source_order_top_70	274	34
1692291089	勇气	梁静茹	勇氣	239	chinese_pop	0.90	chinese_pop_source_order_top_70	275	35
1531323101	交换余生	林俊杰	No Turning Back - Single	276	chinese_pop	0.90	chinese_pop_source_order_top_70	276	36
1421693331	小半	陈粒	小梦大半	297	chinese_pop	0.90	chinese_pop_source_order_top_70	277	37
577983297	麦恩莉	方大同	Back to Wonderland	288	chinese_pop	0.90	chinese_pop_source_order_top_70	278	38
1071506929	她说	林俊杰	她說	319	chinese_pop	0.90	chinese_pop_source_order_top_70	279	39
541857036	天黑黑	孙燕姿	The Moment	236	chinese_pop	0.90	chinese_pop_source_order_top_70	280	40
1694849138	修炼爱情	林俊杰	Stories Untold	287	chinese_pop	0.90	chinese_pop_source_order_top_70	281	41
1875146815	RUDE!	Hearts2Hearts	RUDE! - Single	200	chinese_pop	0.90	chinese_pop_source_order_top_70	282	42
1072339996	不将就 (电影《何以笙箫默》片尾曲)	李荣浩	An Ideal	313	chinese_pop	0.90	chinese_pop_source_order_top_70	283	43
1864304148	失眠	Suki刘舒妤	Ladies Night	211	chinese_pop	0.90	chinese_pop_source_order_top_70	284	44
1071752119	Always Online	林俊杰	JJ陸	222	chinese_pop	0.90	chinese_pop_source_order_top_70	285	45
6780313808	singasong	徐明浩 & Vernon	V8	188	chinese_pop	0.90	chinese_pop_source_order_top_70	286	46
930758244	爱请问怎么走	A-Lin	精選A-Lin - Everlasting…Best and More	266	chinese_pop	0.90	chinese_pop_source_order_top_70	287	47
905212063	偏爱	张芸京	破天荒	213	chinese_pop	0.90	chinese_pop_source_order_top_70	288	48
535391947	爱情讯息	郭静	下一個天亮	281	chinese_pop	0.90	chinese_pop_source_order_top_70	289	49
1834199249	连名带姓	张惠妹	偷故事的人	334	chinese_pop	0.90	chinese_pop_source_order_top_70	290	50
1071517710	背对背拥抱	林俊杰	100天	235	chinese_pop	0.90	chinese_pop_source_order_top_70	291	51
6789836210	FB愛不完	床哥 & Novel Fergus	FB愛不完 - Single	176	chinese_pop	0.90	chinese_pop_source_order_top_70	292	52
6789836010	仙女座事故	良少 & 陳健安	仙女座事故 - Single	177	chinese_pop	0.90	chinese_pop_source_order_top_70	293	53
6789835836	旋轉木馬	米爺 & 黃淑蔓	旋轉木馬 - Single	195	chinese_pop	0.90	chinese_pop_source_order_top_70	294	54
6772915785	男人怎可以	MC 張天賦	男人怎可以 - Single	256	chinese_pop	0.90	chinese_pop_source_order_top_70	295	55
1816674595	用背脊唱情歌	Gareth.T	用背脊唱情歌 - Single	210	chinese_pop	0.90	chinese_pop_source_order_top_70	296	56
1784959357	說謊者	MC 張天賦	說謊者 - Single	249	chinese_pop	0.90	chinese_pop_source_order_top_70	297	57
6789836269	甕中之鱉	周國賢 & GE	甕中之鱉 - Single	205	chinese_pop	0.90	chinese_pop_source_order_top_70	298	58
1804348174	懷疑人生	MC 張天賦	懷疑人生 - Single	269	chinese_pop	0.90	chinese_pop_source_order_top_70	299	59
1718045819	緊急聯絡人	Gareth.T	緊急聯絡人 - Single	223	chinese_pop	0.90	chinese_pop_source_order_top_70	300	60
1590828011	記憶棉	MC 張天賦	記憶棉 - Single	273	chinese_pop	0.90	chinese_pop_source_order_top_70	301	61
6788278122	老 Best	JFFT	老 Best - Single	263	chinese_pop	0.90	chinese_pop_source_order_top_70	302	62
1887819000	我看見今晚的月色很美,你呢?	晚安莉莉	Goodnight, Lillie.	244	chinese_pop	0.90	chinese_pop_source_order_top_70	303	63
1635915583	老派約會之必要	MC 張天賦	老派約會之必要	224	chinese_pop	0.90	chinese_pop_source_order_top_70	304	64
1762544235	小心碰頭	MC 張天賦	小心碰頭 - Single	258	chinese_pop	0.90	chinese_pop_source_order_top_70	305	65
6784828299	TIPSY	MC 張天賦	TIPSY - Single	160	chinese_pop	0.90	chinese_pop_source_order_top_70	306	66
1720142741	永久損毀	MC 張天賦 & 陳蕾	永久損毀 - Single	232	chinese_pop	0.90	chinese_pop_source_order_top_70	307	67
542677437	歲月如歌	陳奕迅	Live for Today	208	chinese_pop	0.90	chinese_pop_source_order_top_70	308	68
1722428083	黑玻璃	洪嘉豪	黑玻璃 - Single	219	chinese_pop	0.90	chinese_pop_source_order_top_70	309	69
1698293749	抽	MC 張天賦	抽 - Single	243	chinese_pop	0.90	chinese_pop_source_order_top_70	310	70
6788211810	Brand New	Mrs. GREEN APPLE	Brand New - Single	212	japanese	0.70	japanese_source_order_top_25	434	1
1739088799	ライラック	Mrs. GREEN APPLE	Lilac - Single	288	japanese	0.70	japanese_source_order_top_25	435	2
1846753946	好きすぎて滅!	M!LK	Sukisugite METSU! - Single	212	japanese	0.70	japanese_source_order_top_25	436	3
1869537742	爆裂愛してる	M!LK	Bakuretsu Aishiteru / Sukisugite METSU! - EP	204	japanese	0.70	japanese_source_order_top_25	437	4
1837658529	IRIS OUT	米津玄師	IRIS OUT - Single	152	japanese	0.70	japanese_source_order_top_25	438	5
6774039202	烏 - Raven	米津玄師	Karasu - Raven - Single	248	japanese	0.70	japanese_source_order_top_25	439	6
604748203	夜の踊り子	サカナクション	Sakanaction	303	japanese	0.70	japanese_source_order_top_25	440	7
1451570480	花束	back number	Super Star	286	japanese	0.70	japanese_source_order_top_25	441	8
1451567963	高嶺の花子さん	back number	Love Story	295	japanese	0.70	japanese_source_order_top_25	442	9
6785367852	夜鷹 - Yodaka	米津玄師	Yodaka - Single	198	japanese	0.70	japanese_source_order_top_25	443	10
1821849522	Blue Jeans	HANA	Blue Jeans - Single	207	japanese	0.70	japanese_source_order_top_25	444	11
1648865575	Soranji	Mrs. GREEN APPLE	Soranji - Single	344	japanese	0.70	japanese_source_order_top_25	445	12
1867354081	lulu.	Mrs. GREEN APPLE	lulu. - Single	271	japanese	0.70	japanese_source_order_top_25	446	13
1879525016	Five	嵐	Five - Single	268	japanese	0.70	japanese_source_order_top_25	447	14
1451567751	ハッピーエンド	back number	Happy End - EP	314	japanese	0.70	japanese_source_order_top_25	448	15
6762737233	アイドルパワー	M!LK	IDOLPOWER - Single	230	japanese	0.70	japanese_source_order_top_25	449	16
1456063581	HAPPY BIRTHDAY	back number	Magic	258	japanese	0.70	japanese_source_order_top_25	450	17
1681600508	ケセラセラ	Mrs. GREEN APPLE	Que Sera Sera - Single	273	japanese	0.70	japanese_source_order_top_25	451	18
1794066813	とくべチュ、して	=LOVE	Tokubechu Shite - Single	239	japanese	0.70	japanese_source_order_top_25	452	19
1790599512	ダーリン	Mrs. GREEN APPLE	Darling - EP	281	japanese	0.70	japanese_source_order_top_25	453	20
1446781787	マリーゴールド	あいみょん	Momentary Sixth Sense	307	japanese	0.70	japanese_source_order_top_25	454	21
1803063210	ROSE	HANA	ROSE - Single	165	japanese	0.70	japanese_source_order_top_25	455	22
6785411720	グッタイム	Snow Man	Good Time - Single	201	japanese	0.70	japanese_source_order_top_25	456	23
1860538548	AIZO	King Gnu	AIZO - Single	216	japanese	0.70	japanese_source_order_top_25	457	24
1795905600	怪獣	サカナクション	Kaiju - Single	253	japanese	0.70	japanese_source_order_top_25	458	25
1734500896	Magnetic	아일릿	SUPER REAL ME - EP	161	korean	0.70	korean_source_order_next_unique	549	26
1764485170	LOVE ATTACK	리센느	SCENEDROME - EP	182	korean	0.70	korean_source_order_top_25	525	2
6786111946	Pretty Girl	리센느	Pretty Girl - Single	210	korean	0.70	korean_source_order_top_25	526	3
1887194026	It's Me	아일릿	MAMIHLAPINATAPAI - EP	138	korean	0.70	korean_source_order_top_25	527	4
1822439986	Deja Vu	리센느	Dearest - Single	184	korean	0.70	korean_source_order_top_25	528	5
6770401926	BAD	에이티즈	GOLDEN HOUR : Part.5 - EP	156	korean	0.70	korean_source_order_top_25	529	6
1887671068	ACAI	코르티스	GREENGREEN - EP	174	korean	0.70	korean_source_order_top_25	530	7
6783734896	만찬가	태연	J-POP REMAKE Vol.1 - Single	219	korean	0.70	korean_source_order_top_25	531	8
6769328214	갑자기	아이오아이	I.O.I 3rd MINI ALBUM (I.O.I : LOOP) - EP	195	korean	0.70	korean_source_order_top_25	532	9
1887671072	YOUNGCREATORCREW	코르티스	GREENGREEN - EP	177	korean	0.70	korean_source_order_top_25	533	10
1703196825	사랑하게 될 거야	한로로	Take-off - EP	165	korean	0.70	korean_source_order_top_25	534	11
1828393595	0+0	한로로	JAMONG SALGU CLUB	192	korean	0.70	korean_source_order_top_25	535	12
1889474652	Runaway	리센느	Runaway - Single	182	korean	0.70	korean_source_order_top_25	536	13
1886030615	KISS KISS KISS (Prod. by Hukky Shibaseki) [feat. SUNWOO]	나우아임영 & Royal 44	Show Me The Money 12 Episode 2	219	korean	0.70	korean_source_order_top_25	537	14
1613687889	입춘	한로로	Let Me Love My Youth - Single	248	korean	0.70	korean_source_order_top_25	538	15
1832031345	FaSHioN	코르티스	COLOR OUTSIDE THE LINES - EP	175	korean	0.70	korean_source_order_top_25	539	16
1744448416	How Sweet	뉴진스	How Sweet - EP	219	korean	0.70	korean_source_order_top_25	540	17
1764485172	Pinball	리센느	SCENEDROME - EP	193	korean	0.70	korean_source_order_top_25	541	18
1569920439	And July (feat. DEAN & dj friz)	헤이즈	And July - EP	226	korean	0.70	korean_source_order_top_25	542	19
1242155573	한시 오분 (1:05)	검정치마	TEAM BABY	240	korean	0.70	korean_source_order_top_25	543	20
1887671066	TNT	코르티스	GREENGREEN - EP	123	korean	0.70	korean_source_order_top_25	544	21
6786677970	너와 나	한로로	You and I - Single	218	korean	0.70	korean_source_order_top_25	545	22
1841828520	FOCUS	Hearts2Hearts	FOCUS - The 1st Mini Album - EP	177	korean	0.70	korean_source_order_top_25	546	23
1459216694	Pretender	OFFICIAL HIGE DANDISM	Pretender - Single	326	korean	0.70	korean_source_order_top_25	547	24
1635469694	Attention	뉴진스	NewJeans 1st EP 'New Jeans'	180	korean	0.70	korean_source_order_top_25	548	25
1525933490	Wonderwall (Remastered)	Oasis	(What's The Story) Morning Glory? [Deluxe Remastered Edition]	259	independent	0.40	independent_source_order_top_10	18	1
6762757958	Orbiter	Noah Kahan	The Great Divide: The Last Of The Bugs	287	independent	0.40	independent_source_order_top_10	52	2
6775960750	RUBBERZ	Fenix Flexin & Purps On The Beat	RUBBERZ - Single	174	independent	0.40	independent_source_order_top_10	54	3
1872239879	Doors	Noah Kahan	The Great Divide	231	independent	0.40	independent_source_order_top_10	67	4
1738257931	Earrings	Malcolm Todd	Sweet Boy	152	independent	0.40	independent_source_order_top_10	77	5
1820918468	Rein Me In	Sam Fender & Olivia Dean	Rein Me In - Single	339	independent	0.40	independent_source_order_top_10	102	6
1867034427	iloveitiloveitiloveit	Bella Kay	iloveitiloveitiloveit - Single	183	independent	0.40	independent_source_order_top_10	113	7
1828036635	12 to 12	sombr	12 to 12 - Single	243	independent	0.40	independent_source_order_top_10	123	8
1525933492	Don't Look Back in Anger (Remastered)	Oasis	(What's The Story) Morning Glory? [Deluxe Remastered Edition]	290	independent	0.40	independent_source_order_top_10	131	9
267537169	Iris	The Goo Goo Dolls	Greatest Hits, Vol. One: The Singles	290	independent	0.40	independent_source_order_top_10	142	10
